Model PSA Run,Multiplier_of_treatment,Hip_Utility_Multiplier,Vert_Utility_Multiplier,Hip_Fracture_Cost,Vert_Fracture_Cost,Mort_Prop_Hip,DeathDist_Norm_Mean,DeathDist_Norm_SE,DistHipWeibShape,DistHipWeibScale,DistVertWeibShape,DistVertWeibScale,InterventionCost,BaselineUtility
Deterministic,2,0.75,0.9,7000,3000,0.05,12,3,4,10,2,8,500,0.7
1,2.246580538,0.711601442,0.866235976,7242.371874,3145.423124,0.049,12,3,4,10,2,8,500,0.7
2,3.723763949,0.775118979,0.925921364,7827.23955,3496.34373,0.0318,12,3,4,10,2,8,500,0.7
3,2.602659243,0.756638587,0.903382884,7412.654755,3247.592853,0.0558,12,3,4,10,2,8,500,0.7
4,1.426585928,0.807140838,0.939203355,6716.764035,2830.058421,0.0571,12,3,4,10,2,8,500,0.7
5,1.144931873,0.751979427,0.902805343,6462.205018,2677.323011,0.0468,12,3,4,10,2,8,500,0.7
6,1.67462427,0.778657016,0.917665596,6902.301879,2941.381128,0.0661,12,3,4,10,2,8,500,0.7
7,1.190488692,0.790583851,0.92912783,6507.365612,2704.419367,0.054,12,3,4,10,2,8,500,0.7
8,1.699316406,0.742206459,0.907200278,6919.243121,2951.545872,0.0235,12,3,4,10,2,8,500,0.7
9,3.876017106,0.724542798,0.865418117,7873.620495,3524.172297,0.0855,12,3,4,10,2,8,500,0.7
10,3.752133423,0.773695211,0.914014309,7836.023832,3501.614299,0.0657,12,3,4,10,2,8,500,0.7
11,1.798073269,0.743829081,0.891084405,6984.624636,2990.774782,0.0525,12,3,4,10,2,8,500,0.7
12,1.237924745,0.811546883,0.94069533,6552.588408,2731.553045,0.0636,12,3,4,10,2,8,500,0.7
13,1.806245273,0.72168474,0.89155439,6989.872981,2993.923789,0.0228,12,3,4,10,2,8,500,0.7
14,1.537296462,0.722630745,0.862667371,6803.270058,2881.962035,0.1235,12,3,4,10,2,8,500,0.7
15,1.657478071,0.666320142,0.846285845,6890.390293,2934.234176,0.0837,12,3,4,10,2,8,500,0.7
16,1.094657819,0.673496011,0.846944922,6410.233589,2646.140153,0.0873,12,3,4,10,2,8,500,0.7
17,1.696424426,0.697272161,0.865169764,6917.27171,2950.363026,0.0553,12,3,4,10,2,8,500,0.7
18,1.13587505,0.73453555,0.869253543,6453.013105,2671.807863,0.1055,12,3,4,10,2,8,500,0.7
19,3.224688489,0.705381066,0.865708658,7660.690223,3396.414134,0.0695,12,3,4,10,2,8,500,0.7
20,2.984055004,0.750725093,0.89477676,7570.929531,3342.557719,0.056,12,3,4,10,2,8,500,0.7
21,1.641691367,0.767151382,0.907464824,6879.313694,2927.588216,0.0532,12,3,4,10,2,8,500,0.7
22,2.367418397,0.699083264,0.862874959,7303.009349,3181.805609,0.0666,12,3,4,10,2,8,500,0.7
23,0.690908329,0.80969361,0.935122066,5877.606332,2326.563799,0.0273,12,3,4,10,2,8,500,0.7
24,4.675162769,0.75812259,0.898084612,8090.583309,3654.349985,0.0654,12,3,4,10,2,8,500,0.7
25,1.104102574,0.665416571,0.831834121,6420.176915,2652.106149,0.0416,12,3,4,10,2,8,500,0.7
26,2.037432139,0.779790266,0.92536537,7129.271134,3077.56268,0.0641,12,3,4,10,2,8,500,0.7
27,1.328249772,0.736141255,0.915065567,6634.09967,2780.459802,0.0872,12,3,4,10,2,8,500,0.7
28,1.74356567,0.812924655,0.81434629,6948.995662,2969.397397,0.0399,12,3,4,10,2,8,500,0.7
29,1.234694858,0.717261095,0.929547795,6549.564654,2729.738792,0.0327,12,3,4,10,2,8,500,0.7
30,2.526416949,0.75430375,0.838431898,7378.24314,3226.945884,0.1082,12,3,4,10,2,8,500,0.7
31,1.955469771,0.8225211,0.927724016,7081.748214,3049.048928,0.0821,12,3,4,10,2,8,500,0.7
32,1.878433817,0.643040678,0.926674961,7035.229576,3021.137745,0.0461,12,3,4,10,2,8,500,0.7
33,2.58358438,0.684829271,0.887477283,7404.140891,3242.484534,0.0597,12,3,4,10,2,8,500,0.7
34,1.638778505,0.771646159,0.889277569,6877.258276,2926.354966,0.0132,12,3,4,10,2,8,500,0.7
35,2.583688341,0.737292009,0.889354741,7404.187462,3242.512477,0.0398,12,3,4,10,2,8,500,0.7
36,1.632782918,0.853907488,0.916497678,6873.016054,2923.809632,0.0259,12,3,4,10,2,8,500,0.7
37,2.05306193,0.768240544,0.923597768,7138.116092,3082.869655,0.0281,12,3,4,10,2,8,500,0.7
38,2.378576182,0.772474931,0.937002387,7308.451465,3185.070879,0.0508,12,3,4,10,2,8,500,0.7
39,1.129441885,0.809227857,0.892965834,6446.439356,2667.863614,0.0673,12,3,4,10,2,8,500,0.7
40,3.563843368,0.738386034,0.88765166,7776.434676,3465.860806,0.0293,12,3,4,10,2,8,500,0.7
41,2.22876012,0.7393555,0.927341695,7233.154434,3139.89266,0.0379,12,3,4,10,2,8,500,0.7
42,2.675884019,0.784584047,0.914570602,7444.768287,3266.860972,0.0362,12,3,4,10,2,8,500,0.7
43,2.472123557,0.767711804,0.933041115,7353.098982,3211.859389,0.0416,12,3,4,10,2,8,500,0.7
44,1.860464853,0.797816525,0.893140891,7024.104604,3014.462762,0.062,12,3,4,10,2,8,500,0.7
45,2.170991581,0.713236413,0.866282123,7202.759274,3121.655565,0.0289,12,3,4,10,2,8,500,0.7
46,3.669515482,0.69614499,0.936211469,7810.254204,3486.152522,0.0598,12,3,4,10,2,8,500,0.7
47,1.331542352,0.782638749,0.887334575,6636.965201,2782.179121,0.0435,12,3,4,10,2,8,500,0.7
48,1.996215229,0.786343727,0.899729082,7105.616901,3063.37014,0.0469,12,3,4,10,2,8,500,0.7
49,1.670424666,0.738919492,0.900812742,6899.395701,2939.63742,0.0386,12,3,4,10,2,8,500,0.7
50,1.916918234,0.722375861,0.92219654,7058.702327,3035.221396,0.0591,12,3,4,10,2,8,500,0.7
51,1.632166043,0.743994126,0.886140682,6872.578696,2923.547218,0.0317,12,3,4,10,2,8,500,0.7
52,1.222266886,0.756530914,0.927389016,6537.8556,2722.71336,0.0292,12,3,4,10,2,8,500,0.7
53,2.622184261,0.736846882,0.924411623,7421.30516,3252.783096,0.0219,12,3,4,10,2,8,500,0.7
54,1.724503361,0.698093614,0.945557675,6936.272109,2961.763265,0.0319,12,3,4,10,2,8,500,0.7
55,2.576462932,0.706377746,0.925442078,7400.946183,3240.56771,0.0352,12,3,4,10,2,8,500,0.7
56,1.68241598,0.724698528,0.916696249,6907.674588,2944.604753,0.0419,12,3,4,10,2,8,500,0.7
57,2.868748907,0.70163096,0.926516366,7525.31946,3315.191676,0.0823,12,3,4,10,2,8,500,0.7
58,2.507576786,0.792288172,0.848719182,7369.579703,3221.747822,0.0261,12,3,4,10,2,8,500,0.7
59,1.343692598,0.672673338,0.934377689,6647.478581,2788.487149,0.0198,12,3,4,10,2,8,500,0.7
60,2.119648374,0.79139521,0.932588859,7175.058117,3105.03487,0.0455,12,3,4,10,2,8,500,0.7
61,3.09964967,0.784781428,0.911233148,7614.917935,3368.950761,0.0602,12,3,4,10,2,8,500,0.7
62,1.525873467,0.774656045,0.88829162,6794.637745,2876.782647,0.0246,12,3,4,10,2,8,500,0.7
63,1.208645257,0.742201499,0.945865179,6524.884387,2714.930632,0.0401,12,3,4,10,2,8,500,0.7
64,2.312276358,0.825985901,0.906342114,7275.732032,3165.439219,0.0646,12,3,4,10,2,8,500,0.7
65,2.023904233,0.750362139,0.881438428,7121.560688,3072.936413,0.0487,12,3,4,10,2,8,500,0.7
66,2.202901593,0.726303657,0.897663301,7219.647451,3131.78847,0.063,12,3,4,10,2,8,500,0.7
67,2.533480561,0.746445945,0.884617103,7381.474622,3228.884773,0.066,12,3,4,10,2,8,500,0.7
68,1.655065119,0.736158661,0.891938013,6888.704114,2933.222468,0.0418,12,3,4,10,2,8,500,0.7
69,0.854699287,0.746373083,0.906355194,6123.83613,2474.301678,0.0512,12,3,4,10,2,8,500,0.7
70,3.18475514,0.752776407,0.868930741,7646.267832,3387.760699,0.0114,12,3,4,10,2,8,500,0.7
71,2.158798258,0.711480877,0.911238323,7196.240399,3117.74424,0.0466,12,3,4,10,2,8,500,0.7
72,2.24927802,0.764710459,0.904439471,7243.760746,3146.256448,0.0351,12,3,4,10,2,8,500,0.7
73,3.499017621,0.753567537,0.917567,7755.187789,3453.112673,0.0473,12,3,4,10,2,8,500,0.7
74,1.466187934,0.770833655,0.891528245,6748.455776,2849.073466,0.0377,12,3,4,10,2,8,500,0.7
75,2.21928377,0.739727527,0.930452184,7228.222821,3136.933693,0.0599,12,3,4,10,2,8,500,0.7
76,2.84297519,0.808679937,0.876604811,7514.873965,3308.924379,0.0339,12,3,4,10,2,8,500,0.7
77,1.785713301,0.722778789,0.931778927,6976.641139,2985.984683,0.0358,12,3,4,10,2,8,500,0.7
78,6.464204808,0.731347276,0.929337829,8465.601858,3879.361115,0.0203,12,3,4,10,2,8,500,0.7
79,1.545755618,0.711141685,0.939754502,6809.62137,2885.772822,0.0678,12,3,4,10,2,8,500,0.7
80,2.421186378,0.770514031,0.872451595,7329.00192,3197.401152,0.0492,12,3,4,10,2,8,500,0.7
81,3.523255276,0.719218478,0.889052747,7763.177496,3457.906498,0.1022,12,3,4,10,2,8,500,0.7
82,1.76546674,0.747517678,0.872642058,6963.443399,2978.06604,0.0598,12,3,4,10,2,8,500,0.7
83,3.061002328,0.737510518,0.877070304,7600.39632,3360.237792,0.0794,12,3,4,10,2,8,500,0.7
84,1.597356795,0.736752933,0.876469756,6847.627616,2908.576569,0.0231,12,3,4,10,2,8,500,0.7
85,1.21026098,0.715317882,0.938479065,6526.430582,2715.858349,0.0635,12,3,4,10,2,8,500,0.7
86,1.443387964,0.72591587,0.874655742,6730.316092,2838.189655,0.0593,12,3,4,10,2,8,500,0.7
87,1.934354006,0.800624961,0.896862062,7069.182204,3041.509322,0.0497,12,3,4,10,2,8,500,0.7
88,2.18353861,0.711335312,0.886703384,7209.429139,3125.657484,0.0381,12,3,4,10,2,8,500,0.7
89,2.694269714,0.745922463,0.922510515,7452.693506,3271.616104,0.0305,12,3,4,10,2,8,500,0.7
90,1.885999982,0.720738836,0.918737578,7039.882146,3023.929288,0.0869,12,3,4,10,2,8,500,0.7
91,1.135038918,0.782488548,0.859157428,6452.16081,2671.296486,0.0474,12,3,4,10,2,8,500,0.7
92,2.757863934,0.767047345,0.916623313,7479.694957,3287.816974,0.1031,12,3,4,10,2,8,500,0.7
93,1.227288054,0.705419567,0.823068563,6542.60058,2725.560348,0.076,12,3,4,10,2,8,500,0.7
94,1.501249333,0.774730675,0.863816333,6775.807465,2865.484479,0.0352,12,3,4,10,2,8,500,0.7
95,2.070597333,0.643596036,0.918640597,7147.959644,3088.775786,0.0571,12,3,4,10,2,8,500,0.7
96,1.742177318,0.694870914,0.861638313,6948.073684,2968.844211,0.037,12,3,4,10,2,8,500,0.7
97,2.514201012,0.765658821,0.938041679,7372.633176,3223.579905,0.0495,12,3,4,10,2,8,500,0.7
98,2.006269757,0.690794174,0.88420653,7111.431893,3066.859136,0.0177,12,3,4,10,2,8,500,0.7
99,4.567222649,0.82009059,0.952628153,8063.547783,3638.12867,0.0727,12,3,4,10,2,8,500,0.7
100,3.748978339,0.715725254,0.866445051,7835.050185,3501.030111,0.0839,12,3,4,10,2,8,500,0.7
101,2.51516917,0.833665702,0.930852228,7373.07878,3223.847268,0.036,12,3,4,10,2,8,500,0.7
102,1.712832935,0.704275584,0.919674307,6928.412832,2957.047699,0.0304,12,3,4,10,2,8,500,0.7
103,0.846277285,0.799042786,0.868599596,6112.374754,2467.424852,0.0217,12,3,4,10,2,8,500,0.7
104,2.323367375,0.786363454,0.909419657,7281.270356,3168.762214,0.0747,12,3,4,10,2,8,500,0.7
105,1.366542621,0.706497181,0.877917057,6666.995273,2800.197164,0.0611,12,3,4,10,2,8,500,0.7
106,3.024615508,0.750905427,0.91393341,7586.555531,3351.933318,0.0429,12,3,4,10,2,8,500,0.7
107,2.74350208,0.704336744,0.915475449,7473.651893,3284.191136,0.0226,12,3,4,10,2,8,500,0.7
108,1.845191457,0.776348088,0.927800657,7014.563707,3008.738224,0.0703,12,3,4,10,2,8,500,0.7
109,1.210280461,0.774060215,0.848422436,6526.449211,2715.869527,0.0532,12,3,4,10,2,8,500,0.7
110,1.930947062,0.783999729,0.849625656,7067.141885,3040.285131,0.0916,12,3,4,10,2,8,500,0.7
111,1.585786292,0.673970199,0.875297281,6839.213388,2903.528033,0.0811,12,3,4,10,2,8,500,0.7
112,1.328171022,0.704126679,0.917020844,6634.031047,2780.418628,0.0837,12,3,4,10,2,8,500,0.7
113,2.962524907,0.723189045,0.93041022,7562.548511,3337.529107,0.0579,12,3,4,10,2,8,500,0.7
114,1.857215642,0.784702375,0.921921322,7022.081481,3013.248889,0.0751,12,3,4,10,2,8,500,0.7
115,2.031957306,0.800561035,0.901321667,7126.15685,3075.69411,0.0163,12,3,4,10,2,8,500,0.7
116,1.548693286,0.789333995,0.889085189,6811.818905,2887.091343,0.0796,12,3,4,10,2,8,500,0.7
117,1.699663158,0.754910812,0.885811772,6919.47927,2951.687562,0.0835,12,3,4,10,2,8,500,0.7
118,1.034042429,0.746547856,0.827858939,6344.300705,2606.580423,0.031,12,3,4,10,2,8,500,0.7
119,2.277688744,0.73918708,0.93516832,7258.288449,3154.97307,0.0187,12,3,4,10,2,8,500,0.7
120,1.196563998,0.651357781,0.944360749,6513.257077,2707.954246,0.0511,12,3,4,10,2,8,500,0.7
121,2.568905447,0.809072293,0.894346848,7397.546195,3238.527717,0.0241,12,3,4,10,2,8,500,0.7
122,1.108537293,0.814543904,0.948123671,6424.816427,2654.889856,0.09,12,3,4,10,2,8,500,0.7
123,1.350721913,0.747466151,0.842549124,6653.517592,2792.110555,0.0453,12,3,4,10,2,8,500,0.7
124,3.010195894,0.833265317,0.898467017,7581.024488,3348.614693,0.0506,12,3,4,10,2,8,500,0.7
125,1.202701835,0.678434045,0.921822198,6519.178883,2711.50733,0.0374,12,3,4,10,2,8,500,0.7
126,1.260039148,0.679707798,0.906648891,6573.081933,2743.84916,0.0478,12,3,4,10,2,8,500,0.7
127,1.16777532,0.680801935,0.898631098,6485.070026,2691.042016,0.0358,12,3,4,10,2,8,500,0.7
128,1.538364152,0.79035228,0.919726622,6804.073626,2882.444175,0.0516,12,3,4,10,2,8,500,0.7
129,1.152326433,0.737050724,0.903607428,6469.656116,2681.79367,0.0287,12,3,4,10,2,8,500,0.7
130,2.021726131,0.726509266,0.934141047,7120.314429,3072.188657,0.0655,12,3,4,10,2,8,500,0.7
131,1.970214228,0.701479597,0.886461723,7090.442456,3054.265473,0.0557,12,3,4,10,2,8,500,0.7
132,1.566474539,0.736865759,0.870877912,6825.031918,2895.019151,0.043,12,3,4,10,2,8,500,0.7
133,1.476303583,0.728647564,0.922671089,6756.413639,2853.848184,0.0233,12,3,4,10,2,8,500,0.7
134,2.126964264,0.79426468,0.93503816,7179.04599,3107.427594,0.0818,12,3,4,10,2,8,500,0.7
135,1.203643109,0.705614642,0.867111977,6520.084354,2712.050612,0.0426,12,3,4,10,2,8,500,0.7
136,0.878798363,0.753471927,0.91080884,6156.018748,2493.611249,0.0975,12,3,4,10,2,8,500,0.7
137,1.944403198,0.689698221,0.854177331,7075.179503,3045.107702,0.0354,12,3,4,10,2,8,500,0.7
138,1.139194188,0.763420268,0.908331588,6456.390232,2673.834139,0.0832,12,3,4,10,2,8,500,0.7
139,4.443064268,0.731481797,0.886194299,8031.648483,3618.98909,0.025,12,3,4,10,2,8,500,0.7
140,1.683429867,0.716600917,0.927666419,6908.371875,2945.023125,0.0499,12,3,4,10,2,8,500,0.7
141,2.257382354,0.756866482,0.906943649,7247.923486,3148.754091,0.0927,12,3,4,10,2,8,500,0.7
142,2.666862452,0.746861979,0.835255438,7440.859572,3264.515743,0.0626,12,3,4,10,2,8,500,0.7
143,1.393636595,0.780125418,0.898334737,6689.718271,2813.830963,0.0345,12,3,4,10,2,8,500,0.7
144,2.957755466,0.762927583,0.927263999,7560.683672,3336.410203,0.0441,12,3,4,10,2,8,500,0.7
145,0.944822917,0.671934097,0.881666018,6239.863705,2543.918223,0.0493,12,3,4,10,2,8,500,0.7
146,3.996545965,0.756585806,0.909499326,7909.063055,3545.437833,0.0406,12,3,4,10,2,8,500,0.7
147,1.634280588,0.782934863,0.912608544,6874.0772,2924.44632,0.0668,12,3,4,10,2,8,500,0.7
148,2.275280759,0.705831538,0.874861968,7257.064184,3154.238511,0.0582,12,3,4,10,2,8,500,0.7
149,1.907150835,0.769712988,0.897187726,7052.789837,3031.673902,0.0539,12,3,4,10,2,8,500,0.7
150,3.939083297,0.764888593,0.878086101,7892.300961,3535.380577,0.0435,12,3,4,10,2,8,500,0.7
151,1.49518146,0.716115481,0.920217631,6771.119881,2862.671929,0.0327,12,3,4,10,2,8,500,0.7
152,2.113468982,0.747249897,0.920880984,7171.67901,3103.007406,0.0621,12,3,4,10,2,8,500,0.7
153,1.303185699,0.713177262,0.876985595,6612.0507,2767.23042,0.061,12,3,4,10,2,8,500,0.7
154,1.230046963,0.785599698,0.887626123,6545.199479,2727.119688,0.0326,12,3,4,10,2,8,500,0.7
155,1.337846974,0.772416466,0.926200629,6642.432391,2785.459435,0.0538,12,3,4,10,2,8,500,0.7
156,1.518080443,0.717384756,0.898012547,6788.711424,2873.226854,0.0444,12,3,4,10,2,8,500,0.7
157,4.023646733,0.738456886,0.909733268,7916.884999,3550.130999,0.0372,12,3,4,10,2,8,500,0.7
158,1.485218961,0.790284186,0.912982776,6763.382187,2858.029312,0.0472,12,3,4,10,2,8,500,0.7
159,3.923085859,0.749896233,0.905124111,7887.590918,3532.554551,0.0163,12,3,4,10,2,8,500,0.7
160,1.232256681,0.762478871,0.950254949,6547.276838,2728.366103,0.0117,12,3,4,10,2,8,500,0.7
161,1.290785284,0.763220737,0.960502167,6600.9847,2760.59082,0.0331,12,3,4,10,2,8,500,0.7
162,1.184148494,0.757867203,0.869994124,6501.185122,2700.711073,0.0325,12,3,4,10,2,8,500,0.7
163,2.186132407,0.82696738,0.907100939,7210.803193,3126.481916,0.0542,12,3,4,10,2,8,500,0.7
164,1.783375778,0.850932192,0.881585572,6975.125084,2985.07505,0.024,12,3,4,10,2,8,500,0.7
165,1.936206875,0.725653406,0.890593533,7070.290324,3042.174194,0.0345,12,3,4,10,2,8,500,0.7
166,2.579275239,0.749727407,0.849449123,7402.208848,3241.325309,0.0607,12,3,4,10,2,8,500,0.7
167,1.469423072,0.718328746,0.90995008,6751.006777,2850.604066,0.0466,12,3,4,10,2,8,500,0.7
168,2.346507384,0.740667384,0.876048973,7292.740744,3175.644447,0.0233,12,3,4,10,2,8,500,0.7
169,1.383020444,0.6765408,0.899758163,6680.867865,2808.520719,0.0638,12,3,4,10,2,8,500,0.7
170,3.511974215,0.754392644,0.83129907,7759.465664,3455.679398,0.0518,12,3,4,10,2,8,500,0.7
171,2.243975503,0.727161828,0.909395754,7241.029017,3144.61741,0.0456,12,3,4,10,2,8,500,0.7
172,1.896114073,0.748093858,0.938940708,7046.072415,3027.643449,0.056,12,3,4,10,2,8,500,0.7
173,2.040360653,0.658063965,0.907535038,7130.933545,3078.560127,0.0463,12,3,4,10,2,8,500,0.7
174,3.563820403,0.767105839,0.903987375,7776.427218,3465.856331,0.0344,12,3,4,10,2,8,500,0.7
175,1.823548512,0.809513238,0.901604711,7000.907795,3000.544677,0.0592,12,3,4,10,2,8,500,0.7
176,1.97798868,0.768851013,0.936972697,7095.00059,3057.000354,0.0595,12,3,4,10,2,8,500,0.7
177,3.600692584,0.765939993,0.852578301,7788.340522,3473.004313,0.0351,12,3,4,10,2,8,500,0.7
178,1.422260875,0.751684273,0.893330368,6713.249735,2827.949841,0.0765,12,3,4,10,2,8,500,0.7
179,1.014480057,0.807669974,0.927483005,6322.194702,2593.316821,0.0335,12,3,4,10,2,8,500,0.7
180,0.78212701,0.666983761,0.857242379,6021.136418,2412.681851,0.0315,12,3,4,10,2,8,500,0.7
181,2.376570052,0.747846452,0.926735349,7307.474877,3184.484926,0.0587,12,3,4,10,2,8,500,0.7
182,3.153608911,0.79060498,0.911555693,7634.89292,3380.935752,0.0517,12,3,4,10,2,8,500,0.7
183,8.067498117,0.688799721,0.889843797,8722.040986,4033.224591,0.0626,12,3,4,10,2,8,500,0.7
184,3.132864278,0.785486184,0.906626711,7627.254272,3376.352563,0.0471,12,3,4,10,2,8,500,0.7
185,0.653273155,0.75511585,0.900973093,5812.777859,2287.666716,0.0184,12,3,4,10,2,8,500,0.7
186,1.240981058,0.747492092,0.891957585,6555.44241,2733.265446,0.0501,12,3,4,10,2,8,500,0.7
187,2.066759188,0.772113859,0.860542354,7145.812235,3087.487341,0.0626,12,3,4,10,2,8,500,0.7
188,2.270096152,0.758758319,0.950149675,7254.423829,3152.654298,0.086,12,3,4,10,2,8,500,0.7
189,1.882901732,0.727477077,0.89847127,7037.979238,3022.787543,0.0485,12,3,4,10,2,8,500,0.7
190,1.077438569,0.702776578,0.894108291,6391.882557,2635.129534,0.047,12,3,4,10,2,8,500,0.7
191,1.225724508,0.832831329,0.867505781,6541.125121,2724.675073,0.0203,12,3,4,10,2,8,500,0.7
192,1.37717218,0.754058924,0.900987435,6675.963254,2805.577953,0.0567,12,3,4,10,2,8,500,0.7
193,3.342745405,0.753674526,0.892255559,7702.306073,3421.383644,0.0978,12,3,4,10,2,8,500,0.7
194,0.621522021,0.714722153,0.94176485,5755.111184,2253.06671,0.03,12,3,4,10,2,8,500,0.7
195,0.912056735,0.745438667,0.917150316,6199.012637,2519.407582,0.0535,12,3,4,10,2,8,500,0.7
196,2.602556292,0.732641084,0.834658427,7412.608971,3247.565383,0.0277,12,3,4,10,2,8,500,0.7
197,2.045449212,0.816940806,0.925970361,7133.816469,3080.289881,0.0291,12,3,4,10,2,8,500,0.7
198,2.14658544,0.788226893,0.883506188,7189.674088,3113.804453,0.0554,12,3,4,10,2,8,500,0.7
199,1.003812567,0.658540659,0.930755044,6309.959858,2585.975915,0.036,12,3,4,10,2,8,500,0.7
200,1.345035359,0.775350398,0.925209167,6648.634609,2789.180765,0.0409,12,3,4,10,2,8,500,0.7
201,3.406388739,0.71516659,0.899199658,7724.13508,3434.481048,0.0365,12,3,4,10,2,8,500,0.7
202,2.071888707,0.790560205,0.921268677,7148.681262,3089.208757,0.0317,12,3,4,10,2,8,500,0.7
203,1.046135372,0.782796864,0.859972487,6357.757842,2614.654705,0.0288,12,3,4,10,2,8,500,0.7
204,2.130711943,0.754090248,0.922938488,7181.08353,3108.650118,0.0469,12,3,4,10,2,8,500,0.7
205,1.324655498,0.778491605,0.917605874,6630.963454,2778.578072,0.0549,12,3,4,10,2,8,500,0.7
206,1.69198773,0.697360453,0.89534072,6914.240752,2948.544451,0.075,12,3,4,10,2,8,500,0.7
207,1.185916098,0.775933364,0.893321279,6502.911522,2701.746913,0.0783,12,3,4,10,2,8,500,0.7
208,1.727526175,0.765995765,0.918180161,6938.299107,2962.979464,0.0541,12,3,4,10,2,8,500,0.7
209,1.802303145,0.733926682,0.886462414,6987.34418,2992.406508,0.0617,12,3,4,10,2,8,500,0.7
210,1.392778358,0.729229529,0.892077302,6689.005291,2813.403174,0.0547,12,3,4,10,2,8,500,0.7
211,2.945866928,0.772125724,0.870958831,7556.02216,3333.613296,0.0308,12,3,4,10,2,8,500,0.7
212,2.681841458,0.736236995,0.90432041,7447.34221,3268.405326,0.0506,12,3,4,10,2,8,500,0.7
213,2.46201987,0.74991457,0.89493437,7348.35891,3209.015346,0.0532,12,3,4,10,2,8,500,0.7
214,2.767208082,0.724278868,0.882805185,7483.609837,3290.165902,0.0447,12,3,4,10,2,8,500,0.7
215,1.924118203,0.762885306,0.918578307,7063.041419,3037.824852,0.0422,12,3,4,10,2,8,500,0.7
216,1.968547514,0.740459745,0.90273758,7089.462926,3053.677756,0.0536,12,3,4,10,2,8,500,0.7
217,0.948514522,0.709779674,0.888984834,6244.377108,2546.626265,0.0419,12,3,4,10,2,8,500,0.7
218,2.055493151,0.764826854,0.902809475,7139.485874,3083.691524,0.0602,12,3,4,10,2,8,500,0.7
219,1.618821797,0.752807253,0.912279465,6863.077082,2917.846249,0.0417,12,3,4,10,2,8,500,0.7
220,2.413024969,0.729400296,0.898736319,7325.093906,3195.056343,0.0179,12,3,4,10,2,8,500,0.7
221,2.15934942,0.753530202,0.914855929,7196.535859,3117.921515,0.034,12,3,4,10,2,8,500,0.7
222,1.874649892,0.772544777,0.900058189,7032.895738,3019.737443,0.0288,12,3,4,10,2,8,500,0.7
223,1.718345349,0.754957929,0.901368328,6932.131738,2959.279043,0.0332,12,3,4,10,2,8,500,0.7
224,0.956676549,0.774892539,0.941162709,6254.294064,2552.576438,0.0479,12,3,4,10,2,8,500,0.7
225,2.079126846,0.751157662,0.921655013,7152.717616,3091.630569,0.0399,12,3,4,10,2,8,500,0.7
226,1.38179156,0.735090222,0.93910486,6679.838992,2807.903395,0.0696,12,3,4,10,2,8,500,0.7
227,1.350859635,0.803454576,0.921141024,6653.635598,2792.181359,0.0299,12,3,4,10,2,8,500,0.7
228,0.586387873,0.786111064,0.896278577,5687.761796,2212.657077,0.0558,12,3,4,10,2,8,500,0.7
229,2.451111268,0.816706121,0.926021027,7343.219329,3205.931598,0.0811,12,3,4,10,2,8,500,0.7
230,1.927537195,0.777099734,0.884154091,7065.096207,3039.057724,0.0907,12,3,4,10,2,8,500,0.7
231,1.830836846,0.746310165,0.913049813,7005.524485,3003.314691,0.0569,12,3,4,10,2,8,500,0.7
232,1.632890644,0.796260453,0.887252553,6873.092414,2923.855448,0.0813,12,3,4,10,2,8,500,0.7
233,3.012314648,0.724341832,0.872761866,7581.838854,3349.103312,0.0235,12,3,4,10,2,8,500,0.7
234,1.11357623,0.749493882,0.844082959,6430.065585,2658.039351,0.0649,12,3,4,10,2,8,500,0.7
235,2.488821627,0.734640889,0.904053353,7360.890459,3216.534275,0.035,12,3,4,10,2,8,500,0.7
236,2.702260111,0.725657893,0.851492798,7456.12095,3273.67257,0.0277,12,3,4,10,2,8,500,0.7
237,1.952679584,0.687188647,0.944912104,7080.095573,3048.057344,0.1014,12,3,4,10,2,8,500,0.7
238,2.077004958,0.7654538,0.881323437,7151.535801,3090.921481,0.0383,12,3,4,10,2,8,500,0.7
239,2.133356265,0.690424434,0.91969685,7182.51904,3109.511424,0.0571,12,3,4,10,2,8,500,0.7
240,1.28108423,0.823880398,0.922090267,6592.25321,2755.351926,0.0171,12,3,4,10,2,8,500,0.7
241,0.904531421,0.724599272,0.858829336,6189.423338,2513.654003,0.0637,12,3,4,10,2,8,500,0.7
242,3.064075581,0.774309048,0.927158489,7601.557777,3360.934666,0.0257,12,3,4,10,2,8,500,0.7
243,1.179807348,0.778313082,0.888885385,6496.934214,2698.160528,0.0258,12,3,4,10,2,8,500,0.7
244,0.667819386,0.719053761,0.936668645,5838.266757,2302.960054,0.039,12,3,4,10,2,8,500,0.7
245,2.047328882,0.793629826,0.89890706,7134.879582,3080.927749,0.0768,12,3,4,10,2,8,500,0.7
246,2.132947367,0.724034417,0.938348972,7182.29718,3109.378308,0.0114,12,3,4,10,2,8,500,0.7
247,1.807151495,0.79124974,0.92499867,6990.453526,2994.272115,0.0906,12,3,4,10,2,8,500,0.7
248,2.405424565,0.762316704,0.923967691,7321.442618,3192.865571,0.0554,12,3,4,10,2,8,500,0.7
249,1.11581256,0.805368324,0.86123305,6432.387608,2659.432565,0.0463,12,3,4,10,2,8,500,0.7
250,3.301486775,0.777601745,0.963614924,7687.931603,3412.758962,0.0468,12,3,4,10,2,8,500,0.7
251,1.730932615,0.791179739,0.864070369,6940.579105,2964.347463,0.0382,12,3,4,10,2,8,500,0.7
252,2.379717778,0.700633023,0.884300516,7309.006829,3185.404097,0.0689,12,3,4,10,2,8,500,0.7
253,1.588873318,0.757138771,0.898037118,6841.464306,2904.878583,0.0262,12,3,4,10,2,8,500,0.7
254,1.066389533,0.816070634,0.90806208,6379.95217,2627.971302,0.0256,12,3,4,10,2,8,500,0.7
255,0.659048497,0.777957112,0.916386561,5822.965098,2293.779059,0.0592,12,3,4,10,2,8,500,0.7
256,1.698530848,0.746168196,0.866181003,6918.707952,2951.224771,0.0424,12,3,4,10,2,8,500,0.7
257,0.885460638,0.76725723,0.939393764,6164.760099,2498.856059,0.0776,12,3,4,10,2,8,500,0.7
258,1.860277388,0.784388811,0.931313085,7023.987975,3014.392785,0.0262,12,3,4,10,2,8,500,0.7
259,1.85287195,0.699264876,0.867725334,7019.371343,3011.622806,0.028,12,3,4,10,2,8,500,0.7
260,1.232686532,0.806913472,0.925736883,6547.680509,2728.608305,0.0239,12,3,4,10,2,8,500,0.7
261,5.071805681,0.783526199,0.857062827,8184.83438,3710.900628,0.032,12,3,4,10,2,8,500,0.7
262,1.333477474,0.700304817,0.924088853,6638.646033,2783.18762,0.0536,12,3,4,10,2,8,500,0.7
263,1.248088877,0.795530009,0.931671619,6562.052642,2737.231585,0.0375,12,3,4,10,2,8,500,0.7
264,2.875721061,0.686758366,0.953306357,7528.128989,3316.877394,0.0301,12,3,4,10,2,8,500,0.7
265,3.5190609,0.778145853,0.914715217,7761.798801,3457.079281,0.0624,12,3,4,10,2,8,500,0.7
266,4.663788541,0.80566656,0.897594519,8087.764016,3652.658409,0.0427,12,3,4,10,2,8,500,0.7
267,3.730867337,0.846101508,0.916149754,7829.445297,3497.667178,0.0673,12,3,4,10,2,8,500,0.7
268,1.720811742,0.758293189,0.929351636,6933.791809,2960.275085,0.0167,12,3,4,10,2,8,500,0.7
269,2.448858657,0.747991253,0.878411764,7342.155164,3205.293098,0.075,12,3,4,10,2,8,500,0.7
270,2.113694128,0.770458696,0.921048745,7171.802301,3103.081381,0.0586,12,3,4,10,2,8,500,0.7
271,1.20707382,0.791078028,0.853885126,6523.378588,2714.027153,0.0501,12,3,4,10,2,8,500,0.7
272,1.240448232,0.720125897,0.932683903,6554.945361,2732.967217,0.0429,12,3,4,10,2,8,500,0.7
273,2.462613981,0.781789531,0.896211448,7348.638171,3209.182902,0.0476,12,3,4,10,2,8,500,0.7
274,2.860594916,0.679222385,0.89798623,7522.025018,3313.215011,0.0419,12,3,4,10,2,8,500,0.7
275,1.435288456,0.802223702,0.876044642,6723.80306,2834.281836,0.0325,12,3,4,10,2,8,500,0.7
276,2.318291575,0.763244196,0.903263649,7278.739033,3167.24342,0.0343,12,3,4,10,2,8,500,0.7
277,1.045271091,0.740687931,0.92170244,6356.801238,2614.080743,0.0291,12,3,4,10,2,8,500,0.7
278,1.80634793,0.696310811,0.883637292,6989.93876,2993.963256,0.0412,12,3,4,10,2,8,500,0.7
279,1.406046605,0.752997729,0.934720975,6699.979097,2819.987458,0.0791,12,3,4,10,2,8,500,0.7
280,1.908277824,0.787200965,0.91098546,7053.473579,3032.084147,0.0734,12,3,4,10,2,8,500,0.7
281,1.515373992,0.70928453,0.941690443,6786.646144,2871.987686,0.0388,12,3,4,10,2,8,500,0.7
282,2.859964905,0.809631854,0.90530344,7521.770085,3313.062051,0.0198,12,3,4,10,2,8,500,0.7
283,2.911441417,0.760980275,0.850927388,7542.417003,3325.450202,0.0259,12,3,4,10,2,8,500,0.7
284,1.233199813,0.822332991,0.899921462,6548.162344,2728.897407,0.0573,12,3,4,10,2,8,500,0.7
285,2.188862826,0.750286864,0.898162499,7212.24786,3127.348716,0.0459,12,3,4,10,2,8,500,0.7
286,0.83132857,0.693577958,0.943540942,6091.747488,2455.048493,0.0102,12,3,4,10,2,8,500,0.7
287,2.061163222,0.765724682,0.939695313,7142.674183,3085.60451,0.0527,12,3,4,10,2,8,500,0.7
288,2.584147246,0.73423222,0.90466969,7404.393019,3242.635811,0.0205,12,3,4,10,2,8,500,0.7
289,2.202046113,0.805057812,0.901793227,7219.197893,3131.518736,0.0862,12,3,4,10,2,8,500,0.7
290,1.611995599,0.769363321,0.899140682,6858.186243,2914.911746,0.0546,12,3,4,10,2,8,500,0.7
291,1.655236825,0.752697457,0.944981473,6888.824184,2933.294511,0.057,12,3,4,10,2,8,500,0.7
292,1.511664706,0.694735918,0.833138911,6783.809604,2870.285762,0.0167,12,3,4,10,2,8,500,0.7
293,2.073123077,0.733012732,0.902707009,7149.370606,3089.622363,0.0834,12,3,4,10,2,8,500,0.7
294,1.348819273,0.679048844,0.888942634,6651.886108,2791.131665,0.0481,12,3,4,10,2,8,500,0.7
295,3.678795705,0.744678269,0.860367469,7813.177598,3487.906559,0.0516,12,3,4,10,2,8,500,0.7
296,2.911190018,0.745995009,0.848489231,7542.317058,3325.390235,0.0244,12,3,4,10,2,8,500,0.7
297,2.554400795,0.737408688,0.859829567,7390.992678,3234.595607,0.0466,12,3,4,10,2,8,500,0.7
298,2.485143688,0.846802332,0.919628597,7359.178796,3215.507278,0.0459,12,3,4,10,2,8,500,0.7
299,1.45500735,0.726324616,0.893988464,6739.596009,2843.757605,0.0224,12,3,4,10,2,8,500,0.7
300,1.33373427,0.720113383,0.938389559,6638.8689,2783.32134,0.0464,12,3,4,10,2,8,500,0.7
301,1.435880309,0.76607198,0.902979994,6724.280228,2834.568137,0.0177,12,3,4,10,2,8,500,0.7
302,1.676602436,0.758710324,0.90366815,6903.668271,2942.200963,0.0805,12,3,4,10,2,8,500,0.7
303,1.565439986,0.732699609,0.935276991,6824.267275,2894.560365,0.0762,12,3,4,10,2,8,500,0.7
304,1.444635214,0.763924638,0.908563744,6731.31579,2838.789474,0.023,12,3,4,10,2,8,500,0.7
305,2.061591382,0.762058467,0.952557402,7142.914583,3085.74875,0.0521,12,3,4,10,2,8,500,0.7
306,2.401386548,0.684832469,0.849972244,7319.498031,3191.698819,0.0927,12,3,4,10,2,8,500,0.7
307,1.786795746,0.734233315,0.891999413,6977.342511,2986.405507,0.0175,12,3,4,10,2,8,500,0.7
308,5.679410284,0.710734406,0.927638496,8315.795607,3789.477364,0.0258,12,3,4,10,2,8,500,0.7
309,3.37507964,0.738480632,0.903271208,7713.447825,3428.068695,0.0405,12,3,4,10,2,8,500,0.7
310,0.648745223,0.816084137,0.840766089,5804.727768,2282.836661,0.0831,12,3,4,10,2,8,500,0.7
311,1.115684083,0.844793739,0.951983271,6432.254333,2659.3526,0.0697,12,3,4,10,2,8,500,0.7
312,1.711560003,0.758464606,0.935765559,6927.552358,2956.531415,0.0431,12,3,4,10,2,8,500,0.7
313,1.926764183,0.67987648,0.920436547,7064.631953,3038.779172,0.021,12,3,4,10,2,8,500,0.7
314,5.186582276,0.835413101,0.855772556,8210.734906,3726.440944,0.0264,12,3,4,10,2,8,500,0.7
315,2.22874525,0.805019149,0.874017285,7233.146712,3139.888027,0.0409,12,3,4,10,2,8,500,0.7
316,0.834645547,0.78198895,0.893619495,6096.35632,2457.813792,0.0418,12,3,4,10,2,8,500,0.7
317,0.9325189,0.690395159,0.95473925,6224.692292,2534.815375,0.0485,12,3,4,10,2,8,500,0.7
318,1.569525651,0.713206898,0.931400617,6827.284074,2896.370445,0.0392,12,3,4,10,2,8,500,0.7
319,1.038131369,0.736809705,0.913439715,6348.868445,2609.321067,0.0376,12,3,4,10,2,8,500,0.7
320,1.527409628,0.847411029,0.904949099,6795.802369,2877.481421,0.0366,12,3,4,10,2,8,500,0.7
321,1.488728779,0.788594924,0.90560056,6766.114105,2859.668463,0.0612,12,3,4,10,2,8,500,0.7
322,2.248404103,0.763766453,0.905032151,7243.310969,3145.986581,0.0506,12,3,4,10,2,8,500,0.7
323,2.597731795,0.747966942,0.91572031,7410.461433,3246.27686,0.0243,12,3,4,10,2,8,500,0.7
324,0.955952461,0.754302759,0.919269735,6253.417715,2552.050629,0.074,12,3,4,10,2,8,500,0.7
325,2.835908817,0.746410355,0.887372293,7511.993584,3307.19615,0.0622,12,3,4,10,2,8,500,0.7
326,2.05483634,0.771707945,0.905366051,7139.115978,3083.469587,0.0717,12,3,4,10,2,8,500,0.7
327,1.838591871,0.779095034,0.930028661,7010.416656,3006.249994,0.0327,12,3,4,10,2,8,500,0.7
328,1.728751742,0.736990443,0.879694546,6939.119921,2963.471953,0.0224,12,3,4,10,2,8,500,0.7
329,1.349064543,0.759212717,0.892930399,6652.096552,2791.257931,0.0646,12,3,4,10,2,8,500,0.7
330,2.890929101,0.787427072,0.863322344,7534.233725,3320.540235,0.0591,12,3,4,10,2,8,500,0.7
331,1.666896734,0.732897621,0.919242352,6896.948675,2938.169205,0.0309,12,3,4,10,2,8,500,0.7
332,1.907334546,0.741700911,0.943384242,7052.901321,3031.740793,0.0659,12,3,4,10,2,8,500,0.7
333,2.743903052,0.695287285,0.891416754,7473.82104,3284.292624,0.0883,12,3,4,10,2,8,500,0.7
334,1.63142684,0.7736442,0.868331656,6872.054391,2923.232635,0.0354,12,3,4,10,2,8,500,0.7
335,3.714276991,0.818851699,0.938315672,7824.287084,3494.57225,0.0562,12,3,4,10,2,8,500,0.7
336,2.242051213,0.740842807,0.867551146,7240.036073,3144.021644,0.0538,12,3,4,10,2,8,500,0.7
337,1.449581712,0.700872405,0.867109924,6735.272037,2841.163222,0.1004,12,3,4,10,2,8,500,0.7
338,1.544355125,0.814394314,0.906129853,6808.572255,2885.143353,0.0445,12,3,4,10,2,8,500,0.7
339,2.060888961,0.701243693,0.9062134,7142.520167,3085.5121,0.0242,12,3,4,10,2,8,500,0.7
340,1.473764422,0.71296047,0.89655441,6754.421248,2852.652749,0.0313,12,3,4,10,2,8,500,0.7
341,1.926116035,0.748351605,0.82838762,7064.242544,3038.545526,0.0789,12,3,4,10,2,8,500,0.7
342,1.874008611,0.766821026,0.897066991,7032.499744,3019.499846,0.0619,12,3,4,10,2,8,500,0.7
343,1.145899834,0.737991488,0.914480292,6463.183112,2677.909867,0.0229,12,3,4,10,2,8,500,0.7
344,2.348067757,0.654900801,0.93217483,7293.510137,3176.106082,0.0962,12,3,4,10,2,8,500,0.7
345,1.516228486,0.740539732,0.890234638,6787.298602,2872.379161,0.0264,12,3,4,10,2,8,500,0.7
346,1.608166535,0.776202519,0.865798652,6855.433718,2913.260231,0.0343,12,3,4,10,2,8,500,0.7
347,1.892308696,0.809240278,0.940233335,7043.747241,3026.248344,0.0424,12,3,4,10,2,8,500,0.7
348,0.84717036,0.74935218,0.861644077,6113.59552,2468.157312,0.07,12,3,4,10,2,8,500,0.7
349,2.10841526,0.694175787,0.930812425,7168.908106,3101.344864,0.0505,12,3,4,10,2,8,500,0.7
350,3.10152932,0.812226895,0.914665285,7615.619582,3369.371749,0.0811,12,3,4,10,2,8,500,0.7
351,2.187698243,0.709775869,0.89957673,7211.631899,3126.979139,0.0556,12,3,4,10,2,8,500,0.7
352,1.927199082,0.786473082,0.90788785,7064.893166,3038.9359,0.0294,12,3,4,10,2,8,500,0.7
353,1.032230771,0.764764889,0.884877673,6342.271131,2605.362679,0.0676,12,3,4,10,2,8,500,0.7
354,1.128188765,0.754191328,0.883223839,6445.154495,2667.092697,0.0669,12,3,4,10,2,8,500,0.7
355,2.036040168,0.78249692,0.882192051,7128.480124,3077.088075,0.048,12,3,4,10,2,8,500,0.7
356,2.149230603,0.720913569,0.919658692,7191.099443,3114.659666,0.0421,12,3,4,10,2,8,500,0.7
357,2.255751355,0.73495668,0.889299936,7247.086936,3148.252162,0.0492,12,3,4,10,2,8,500,0.7
358,2.013486985,0.710881831,0.855924915,7115.588006,3069.352804,0.055,12,3,4,10,2,8,500,0.7
359,2.922221545,0.768156605,0.913327221,7546.694595,3328.016757,0.0284,12,3,4,10,2,8,500,0.7
360,2.849714747,0.741100265,0.916883807,7517.614468,3310.568681,0.0243,12,3,4,10,2,8,500,0.7
361,2.228425798,0.689943845,0.90484747,7232.980805,3139.788483,0.0527,12,3,4,10,2,8,500,0.7
362,1.500618201,0.782446555,0.899529842,6775.320784,2865.19247,0.1197,12,3,4,10,2,8,500,0.7
363,1.54066086,0.778864067,0.903105867,6805.800294,2883.480176,0.0345,12,3,4,10,2,8,500,0.7
364,2.823533661,0.755193634,0.943608039,7506.931912,3304.159147,0.0588,12,3,4,10,2,8,500,0.7
365,0.805121797,0.74166905,0.905376132,6054.673944,2432.804367,0.0338,12,3,4,10,2,8,500,0.7
366,2.22681013,0.733893106,0.853310327,7232.14135,3139.28481,0.0427,12,3,4,10,2,8,500,0.7
367,1.146959447,0.830225418,0.913889237,6464.252872,2678.551723,0.0623,12,3,4,10,2,8,500,0.7
368,1.618024575,0.719613547,0.887678805,6862.506953,2917.504172,0.0958,12,3,4,10,2,8,500,0.7
369,1.177038531,0.834775903,0.899647506,6494.214773,2696.528864,0.0318,12,3,4,10,2,8,500,0.7
370,1.250314465,0.765368608,0.927005579,6564.11469,2738.468814,0.1067,12,3,4,10,2,8,500,0.7
371,1.348771655,0.798770403,0.88512047,6651.845247,2791.107148,0.0663,12,3,4,10,2,8,500,0.7
372,1.699816407,0.655571488,0.841854735,6919.583622,2951.750173,0.0916,12,3,4,10,2,8,500,0.7
373,1.696086201,0.751158961,0.91695652,6917.040929,2950.224557,0.0512,12,3,4,10,2,8,500,0.7
374,1.26813303,0.775357168,0.871533742,6580.492783,2748.29567,0.0372,12,3,4,10,2,8,500,0.7
375,2.237079071,0.783528498,0.856194164,7237.466469,3142.479881,0.057,12,3,4,10,2,8,500,0.7
376,1.083817403,0.669138012,0.850238163,6398.714631,2639.228778,0.0394,12,3,4,10,2,8,500,0.7
377,1.532046573,0.830228397,0.901361034,6799.31073,2879.586438,0.0521,12,3,4,10,2,8,500,0.7
378,2.707089339,0.747500967,0.922454152,7458.187515,3274.912509,0.0393,12,3,4,10,2,8,500,0.7
379,1.549839649,0.749544728,0.89747454,6812.675317,2887.60519,0.0637,12,3,4,10,2,8,500,0.7
380,2.44411146,0.719710512,0.909589411,7339.909312,3203.945587,0.0379,12,3,4,10,2,8,500,0.7
381,1.135455381,0.720021175,0.900692948,6452.585401,2671.551241,0.0385,12,3,4,10,2,8,500,0.7
382,1.966285528,0.765990344,0.913705907,7088.132227,3052.879336,0.0097,12,3,4,10,2,8,500,0.7
383,3.395158033,0.724139985,0.882240571,7720.312857,3432.187714,0.0487,12,3,4,10,2,8,500,0.7
384,1.753361566,0.74918877,0.919343313,6955.480139,2973.288084,0.0647,12,3,4,10,2,8,500,0.7
385,2.916389852,0.728043839,0.913982382,7544.382522,3326.629513,0.0592,12,3,4,10,2,8,500,0.7
386,2.146590719,0.744225861,0.889700901,7189.676935,3113.806161,0.0363,12,3,4,10,2,8,500,0.7
387,2.335465929,0.726482796,0.928934315,7287.281728,3172.369037,0.038,12,3,4,10,2,8,500,0.7
388,1.017999707,0.710685137,0.930840753,6326.203276,2595.721966,0.0219,12,3,4,10,2,8,500,0.7
389,2.091212269,0.774387061,0.873099406,7159.425846,3095.655508,0.0519,12,3,4,10,2,8,500,0.7
390,2.198892266,0.708037609,0.875529904,7217.539026,3130.523415,0.0452,12,3,4,10,2,8,500,0.7
391,1.51337611,0.699672479,0.901242248,6785.1192,2871.07152,0.0344,12,3,4,10,2,8,500,0.7
392,0.930634575,0.791748078,0.822501034,6222.351172,2533.410703,0.0518,12,3,4,10,2,8,500,0.7
393,2.280136513,0.785765133,0.949522187,7259.531615,3155.718969,0.0651,12,3,4,10,2,8,500,0.7
394,2.360399449,0.796745486,0.910605716,7299.572758,3179.743655,0.0712,12,3,4,10,2,8,500,0.7
395,1.002222594,0.774078131,0.922979615,6308.125148,2584.875089,0.0362,12,3,4,10,2,8,500,0.7
396,2.148008141,0.770563325,0.892006896,7190.440934,3114.26456,0.052,12,3,4,10,2,8,500,0.7
397,2.54566339,0.784905342,0.903408916,7387.026945,3232.216167,0.0347,12,3,4,10,2,8,500,0.7
398,1.421582873,0.742575341,0.853823251,6712.697859,2827.618715,0.0326,12,3,4,10,2,8,500,0.7
399,0.73703022,0.766021449,0.926850311,5952.400019,2371.440011,0.0502,12,3,4,10,2,8,500,0.7
400,1.860722363,0.681523611,0.896105579,7024.264791,3014.558875,0.0407,12,3,4,10,2,8,500,0.7
401,1.908078431,0.791149701,0.912991039,7053.352637,3032.011582,0.0553,12,3,4,10,2,8,500,0.7
402,2.179742165,0.736021285,0.927126825,7207.415043,3124.449026,0.0307,12,3,4,10,2,8,500,0.7
403,1.90643932,0.756671601,0.90370566,7052.357954,3031.414772,0.0182,12,3,4,10,2,8,500,0.7
404,3.308792462,0.78613304,0.903260805,7690.48994,3414.293964,0.0422,12,3,4,10,2,8,500,0.7
405,3.201864066,0.746181793,0.887380442,7652.468936,3391.481362,0.0566,12,3,4,10,2,8,500,0.7
406,1.680722367,0.73505721,0.922334853,6906.508891,2943.905334,0.0385,12,3,4,10,2,8,500,0.7
407,3.708538321,0.719958862,0.940743734,7822.497472,3493.498483,0.047,12,3,4,10,2,8,500,0.7
408,1.485637919,0.769676118,0.911402131,6763.708628,2858.225177,0.0391,12,3,4,10,2,8,500,0.7
409,2.174801451,0.803154052,0.906282545,7204.788627,3122.873176,0.044,12,3,4,10,2,8,500,0.7
410,1.369279651,0.771858241,0.821599496,6669.311111,2801.586666,0.0392,12,3,4,10,2,8,500,0.7
411,1.250127663,0.766751011,0.890970495,6563.941755,2738.365053,0.0692,12,3,4,10,2,8,500,0.7
412,1.818113284,0.654057593,0.845060086,6997.452901,2998.47174,0.0213,12,3,4,10,2,8,500,0.7
413,2.73114173,0.733154757,0.879077533,7468.425623,3281.055374,0.0739,12,3,4,10,2,8,500,0.7
414,1.412376899,0.689452485,0.863353862,6705.178274,2823.106964,0.0383,12,3,4,10,2,8,500,0.7
415,1.211160759,0.719922366,0.927533395,6527.290746,2716.374448,0.0527,12,3,4,10,2,8,500,0.7
416,1.460443633,0.705961929,0.919245173,6743.912324,2846.347394,0.058,12,3,4,10,2,8,500,0.7
417,0.69504215,0.781752649,0.841521874,5884.510663,2330.706398,0.0447,12,3,4,10,2,8,500,0.7
418,1.140538585,0.781742785,0.928144979,6457.755317,2674.65319,0.0656,12,3,4,10,2,8,500,0.7
419,1.370552915,0.665599503,0.886784351,6670.386859,2802.232115,0.0719,12,3,4,10,2,8,500,0.7
420,1.790329224,0.795440966,0.866070159,6979.629082,2987.777449,0.1185,12,3,4,10,2,8,500,0.7
421,2.215588013,0.728139113,0.857927131,7226.293793,3135.776276,0.0169,12,3,4,10,2,8,500,0.7
422,1.219984405,0.713206895,0.822066026,6535.692217,2721.41533,0.0413,12,3,4,10,2,8,500,0.7
423,1.522730188,0.707350732,0.912943479,6792.251042,2875.350625,0.0547,12,3,4,10,2,8,500,0.7
424,2.566916964,0.666857179,0.896807471,7396.649947,3237.989968,0.0403,12,3,4,10,2,8,500,0.7
425,2.852893182,0.772266473,0.930279955,7518.904665,3311.342799,0.0322,12,3,4,10,2,8,500,0.7
426,1.858438941,0.754410148,0.889930975,7022.843584,3013.70615,0.0575,12,3,4,10,2,8,500,0.7
427,2.788938025,0.807949242,0.89809753,7492.663064,3295.597838,0.0692,12,3,4,10,2,8,500,0.7
428,0.962207205,0.714499426,0.902855617,6260.965901,2556.579541,0.0426,12,3,4,10,2,8,500,0.7
429,2.49392655,0.747964627,0.934566838,7363.262033,3217.95722,0.0643,12,3,4,10,2,8,500,0.7
430,1.813195493,0.748535764,0.872349603,6994.318003,2996.590802,0.0149,12,3,4,10,2,8,500,0.7
431,2.340614621,0.807141451,0.896086624,7289.830502,3173.898301,0.0454,12,3,4,10,2,8,500,0.7
432,0.826519912,0.709179386,0.904779682,6085.033252,2451.019951,0.0563,12,3,4,10,2,8,500,0.7
433,2.10590293,0.75789319,0.877132266,7167.528149,3100.516889,0.1052,12,3,4,10,2,8,500,0.7
434,1.687303784,0.749836993,0.954330384,6911.032247,2946.619348,0.0569,12,3,4,10,2,8,500,0.7
435,1.579189471,0.720320714,0.915445968,6834.388568,2900.633141,0.0218,12,3,4,10,2,8,500,0.7
436,1.074981597,0.838166093,0.885367783,6389.240212,2633.544127,0.0492,12,3,4,10,2,8,500,0.7
437,1.019723646,0.778600773,0.844248211,6328.161638,2596.896983,0.0563,12,3,4,10,2,8,500,0.7
438,1.23155561,0.728546192,0.889575771,6546.618165,2727.970899,0.018,12,3,4,10,2,8,500,0.7
439,1.793523452,0.691157605,0.951383154,6981.692239,2989.015343,0.0334,12,3,4,10,2,8,500,0.7
440,1.149805845,0.737131531,0.882273947,6467.121641,2680.272985,0.0733,12,3,4,10,2,8,500,0.7
441,1.843456097,0.831554792,0.87787477,7013.47468,3008.084808,0.0694,12,3,4,10,2,8,500,0.7
442,2.685421413,0.705684864,0.951496624,7448.886188,3269.331713,0.1051,12,3,4,10,2,8,500,0.7
443,3.935154939,0.717371804,0.935657354,7891.146129,3534.687678,0.0482,12,3,4,10,2,8,500,0.7
444,1.486894452,0.837746533,0.861046008,6764.687135,2858.812281,0.0442,12,3,4,10,2,8,500,0.7
445,1.420758588,0.809226558,0.877648706,6712.026558,2827.215935,0.0451,12,3,4,10,2,8,500,0.7
446,1.191386098,0.690640604,0.835958089,6508.237752,2704.942651,0.041,12,3,4,10,2,8,500,0.7
447,2.32037118,0.716858592,0.881111818,7279.77681,3167.866086,0.078,12,3,4,10,2,8,500,0.7
448,2.383380681,0.666623804,0.921217643,7310.786961,3186.472176,0.0357,12,3,4,10,2,8,500,0.7
449,2.368827301,0.713434843,0.89857673,7303.697943,3182.218766,0.0242,12,3,4,10,2,8,500,0.7
450,0.812610533,0.789061505,0.91116605,6065.38966,2439.233796,0.0444,12,3,4,10,2,8,500,0.7
451,2.725116592,0.741389961,0.876188503,7465.86946,3279.521676,0.0441,12,3,4,10,2,8,500,0.7
452,3.22628661,0.766793602,0.915419972,7661.26368,3396.758208,0.0475,12,3,4,10,2,8,500,0.7
453,1.691802346,0.725712137,0.940623919,6914.113933,2948.46836,0.0452,12,3,4,10,2,8,500,0.7
454,2.863605858,0.766462211,0.893124083,7523.242616,3313.94557,0.1018,12,3,4,10,2,8,500,0.7
455,2.403820105,0.810712472,0.92425073,7320.67035,3192.40221,0.0914,12,3,4,10,2,8,500,0.7
456,1.813824628,0.735918518,0.899953077,6994.719526,2996.831715,0.0783,12,3,4,10,2,8,500,0.7
457,3.150951814,0.795762315,0.901601236,7633.917327,3380.350396,0.0645,12,3,4,10,2,8,500,0.7
458,3.393822191,0.741668028,0.853379086,7719.85738,3431.914428,0.0578,12,3,4,10,2,8,500,0.7
459,1.057969137,0.744881671,0.867202638,6370.776808,2622.466085,0.0485,12,3,4,10,2,8,500,0.7
460,1.547327921,0.691970221,0.94732847,6810.798057,2886.478834,0.0572,12,3,4,10,2,8,500,0.7
461,2.280031341,0.730700372,0.873112154,7259.478228,3155.686937,0.0609,12,3,4,10,2,8,500,0.7
462,1.22558779,0.829025759,0.883449393,6540.996016,2724.597609,0.0984,12,3,4,10,2,8,500,0.7
463,2.687696926,0.730187839,0.901517693,7449.866511,3269.919907,0.0333,12,3,4,10,2,8,500,0.7
464,1.61658248,0.739652518,0.90775025,6861.474931,2916.884959,0.0351,12,3,4,10,2,8,500,0.7
465,1.434044595,0.764553231,0.888919985,6722.799583,2833.67975,0.0801,12,3,4,10,2,8,500,0.7
466,1.094380301,0.763093635,0.876030816,6409.940125,2645.964075,0.0978,12,3,4,10,2,8,500,0.7
467,0.762919925,0.731327424,0.861664397,5992.358563,2395.415138,0.0523,12,3,4,10,2,8,500,0.7
468,1.105625056,0.716176054,0.915579056,6421.771801,2653.063081,0.0354,12,3,4,10,2,8,500,0.7
469,1.495073129,0.711991125,0.91418466,6771.03602,2862.621612,0.0636,12,3,4,10,2,8,500,0.7
470,1.619198909,0.763791506,0.88692124,6863.346674,2918.008004,0.038,12,3,4,10,2,8,500,0.7
471,3.341234007,0.771414988,0.846066203,7701.782641,3421.069585,0.0949,12,3,4,10,2,8,500,0.7
472,1.197745494,0.748914443,0.887630156,6514.399345,2708.639607,0.0414,12,3,4,10,2,8,500,0.7
473,2.329837439,0.681972725,0.921550639,7284.489,3170.6934,0.0408,12,3,4,10,2,8,500,0.7
474,1.497518946,0.725447566,0.882812196,6772.927897,2863.756738,0.0299,12,3,4,10,2,8,500,0.7
475,4.107684683,0.779939525,0.912235742,7940.809644,3564.485786,0.0392,12,3,4,10,2,8,500,0.7
476,1.036763452,0.726356747,0.853344762,6347.342356,2608.405413,0.0651,12,3,4,10,2,8,500,0.7
477,1.758195538,0.76365495,0.913583291,6958.666691,2975.200014,0.0544,12,3,4,10,2,8,500,0.7
478,2.1565326,0.698795418,0.905563481,7195.025062,3117.015037,0.0485,12,3,4,10,2,8,500,0.7
479,4.139704504,0.767385693,0.92138891,7949.79677,3569.878062,0.082,12,3,4,10,2,8,500,0.7
480,1.036373548,0.75268426,0.93111289,6346.906999,2608.144199,0.057,12,3,4,10,2,8,500,0.7
481,0.72099813,0.78326308,0.894290143,5926.945908,2356.167545,0.0658,12,3,4,10,2,8,500,0.7
482,1.701520921,0.811292139,0.867621027,6920.743647,2952.446188,0.0838,12,3,4,10,2,8,500,0.7
483,1.188631612,0.741740379,0.906800138,6505.558726,2703.335236,0.0407,12,3,4,10,2,8,500,0.7
484,3.216618737,0.690215918,0.870474372,7657.790192,3394.674115,0.0721,12,3,4,10,2,8,500,0.7
485,2.701295412,0.764796942,0.890157175,7455.707685,3273.424611,0.0575,12,3,4,10,2,8,500,0.7
486,1.649493739,0.715980972,0.869605431,6884.801407,2930.880844,0.0362,12,3,4,10,2,8,500,0.7
487,2.675575727,0.729905047,0.863646947,7444.634933,3266.78096,0.0583,12,3,4,10,2,8,500,0.7
488,2.457571865,0.702798395,0.908596986,7346.26599,3207.759594,0.0501,12,3,4,10,2,8,500,0.7
489,1.43606194,0.705425793,0.872201548,6724.426624,2834.655974,0.0649,12,3,4,10,2,8,500,0.7
490,1.457512524,0.755899926,0.897458289,6741.587074,2844.952244,0.0395,12,3,4,10,2,8,500,0.7
491,1.296740132,0.714174382,0.909088208,6606.311949,2763.78717,0.0406,12,3,4,10,2,8,500,0.7
492,2.103076073,0.744815144,0.893987822,7165.97346,3099.584076,0.0212,12,3,4,10,2,8,500,0.7
493,2.180006253,0.749784825,0.888563902,7207.55526,3124.533156,0.0336,12,3,4,10,2,8,500,0.7
494,2.816141482,0.740305791,0.88032682,7503.897777,3302.338666,0.0285,12,3,4,10,2,8,500,0.7
495,0.660548737,0.726023222,0.91119605,5825.596795,2295.358077,0.0452,12,3,4,10,2,8,500,0.7
496,0.799080675,0.728117253,0.928210012,6045.956749,2427.57405,0.0713,12,3,4,10,2,8,500,0.7
497,1.651891585,0.7696322,0.938716736,6886.482692,2931.889615,0.0316,12,3,4,10,2,8,500,0.7
498,2.341260505,0.800683398,0.913017629,7290.14984,3174.089904,0.0218,12,3,4,10,2,8,500,0.7
499,2.298224362,0.798757884,0.942880832,7268.676862,3161.206117,0.0244,12,3,4,10,2,8,500,0.7
500,1.417156534,0.764040845,0.89872686,6709.088453,2825.453072,0.0211,12,3,4,10,2,8,500,0.7
501,2.737995093,0.823533742,0.869545475,7471.326313,3282.795788,0.0373,12,3,4,10,2,8,500,0.7
502,0.963618846,0.739019365,0.879538855,6262.662672,2557.597603,0.0561,12,3,4,10,2,8,500,0.7
503,1.458574746,0.710908377,0.928854122,6742.430275,2845.458165,0.0457,12,3,4,10,2,8,500,0.7
504,2.577200567,0.735378636,0.942172652,7401.277498,3240.766499,0.0707,12,3,4,10,2,8,500,0.7
505,1.113066773,0.798071399,0.942207414,6429.535954,2657.721572,0.0555,12,3,4,10,2,8,500,0.7
506,1.77524198,0.848462852,0.937624016,6969.83419,2981.900514,0.0412,12,3,4,10,2,8,500,0.7
507,1.232835916,0.820436961,0.941096348,6547.820762,2728.692457,0.0518,12,3,4,10,2,8,500,0.7
508,5.002585337,0.796927694,0.869351586,8168.92922,3701.357532,0.0253,12,3,4,10,2,8,500,0.7
509,2.658718941,0.690397537,0.908974654,7437.319914,3262.391948,0.0289,12,3,4,10,2,8,500,0.7
510,2.605336614,0.760526484,0.889473127,7413.844775,3248.306865,0.0726,12,3,4,10,2,8,500,0.7
511,1.693899706,0.729154509,0.855219385,6915.547904,2949.328742,0.0318,12,3,4,10,2,8,500,0.7
512,0.932812966,0.663406257,0.913754764,6225.057218,2535.034331,0.0402,12,3,4,10,2,8,500,0.7
513,1.618300347,0.770055895,0.888050501,6862.704201,2917.622521,0.0693,12,3,4,10,2,8,500,0.7
514,1.103951482,0.734193166,0.938521366,6420.018518,2652.011111,0.0471,12,3,4,10,2,8,500,0.7
515,0.771765497,0.816444335,0.938940134,6005.700769,2403.420461,0.0456,12,3,4,10,2,8,500,0.7
516,2.068949944,0.817427003,0.87198857,7147.038432,3088.223059,0.0554,12,3,4,10,2,8,500,0.7
517,1.191816626,0.657954464,0.920430592,6508.655925,2705.193555,0.0539,12,3,4,10,2,8,500,0.7
518,0.922015713,0.766200607,0.927226616,6211.582161,2526.949296,0.0599,12,3,4,10,2,8,500,0.7
519,2.433647204,0.686991107,0.857736234,7334.943332,3200.965999,0.0629,12,3,4,10,2,8,500,0.7
520,1.243101457,0.772984791,0.903242811,6557.418324,2734.450995,0.0424,12,3,4,10,2,8,500,0.7
521,5.767869303,0.74132753,0.86739391,8333.683728,3800.210237,0.0981,12,3,4,10,2,8,500,0.7
522,3.896957087,0.705151158,0.858393382,7879.856498,3527.913899,0.0433,12,3,4,10,2,8,500,0.7
523,4.845329605,0.776293098,0.858915542,8131.962121,3679.177273,0.081,12,3,4,10,2,8,500,0.7
524,4.105591131,0.756772898,0.871527853,7940.219601,3564.131761,0.0439,12,3,4,10,2,8,500,0.7
525,2.708904226,0.765016831,0.907645484,7458.963204,3275.377923,0.0849,12,3,4,10,2,8,500,0.7
526,0.971316814,0.757445084,0.921554566,6271.872005,2563.123203,0.1165,12,3,4,10,2,8,500,0.7
527,3.490228246,0.732628236,0.932280787,7752.276776,3451.366065,0.0836,12,3,4,10,2,8,500,0.7
528,1.865855317,0.761109281,0.911978337,7027.453198,3016.471919,0.0291,12,3,4,10,2,8,500,0.7
529,1.131030176,0.647065194,0.917603474,6448.06583,2668.839498,0.0279,12,3,4,10,2,8,500,0.7
530,3.168239374,0.770007345,0.920167747,7640.250036,3384.150022,0.0231,12,3,4,10,2,8,500,0.7
531,0.964898371,0.690397827,0.929912618,6264.198498,2558.519099,0.0663,12,3,4,10,2,8,500,0.7
532,2.420078379,0.762825957,0.921358705,7328.472139,3197.083283,0.03,12,3,4,10,2,8,500,0.7
533,1.148126687,0.671465112,0.928728407,6465.430146,2679.258088,0.0406,12,3,4,10,2,8,500,0.7
534,2.302749239,0.662922078,0.934501295,7270.953392,3162.572035,0.0627,12,3,4,10,2,8,500,0.7
535,1.389911009,0.70039838,0.860563672,6686.620049,2811.97203,0.0359,12,3,4,10,2,8,500,0.7
536,1.095358851,0.763657732,0.864864663,6410.974569,2646.584741,0.0486,12,3,4,10,2,8,500,0.7
537,3.479441947,0.806271253,0.908114039,7748.694353,3449.216612,0.0637,12,3,4,10,2,8,500,0.7
538,1.210477434,0.826325563,0.92060872,6526.637564,2715.982538,0.0486,12,3,4,10,2,8,500,0.7
539,2.001269551,0.709410612,0.923788246,7108.543697,3065.126218,0.036,12,3,4,10,2,8,500,0.7
540,1.378117559,0.788483854,0.896018306,6676.7575,2806.0545,0.0647,12,3,4,10,2,8,500,0.7
541,2.237353597,0.737523681,0.924881339,7237.608493,3142.565096,0.0562,12,3,4,10,2,8,500,0.7
542,1.237119173,0.737178253,0.879338202,6551.834988,2731.100993,0.0431,12,3,4,10,2,8,500,0.7
543,2.01577151,0.755453603,0.92904845,7116.900469,3070.140281,0.0365,12,3,4,10,2,8,500,0.7
544,1.361079547,0.662279402,0.866945431,6662.358992,2797.415395,0.05,12,3,4,10,2,8,500,0.7
545,1.028053808,0.794895766,0.899137753,6337.578134,2602.54688,0.0617,12,3,4,10,2,8,500,0.7
546,2.295314434,0.766353994,0.909576322,7267.210466,3160.32628,0.0891,12,3,4,10,2,8,500,0.7
547,1.83260673,0.742114262,0.899814588,7006.642819,3003.985692,0.0566,12,3,4,10,2,8,500,0.7
548,1.879181715,0.657253647,0.9062715,7035.690306,3021.414183,0.0415,12,3,4,10,2,8,500,0.7
549,1.925359775,0.747959514,0.907990719,7063.788017,3038.27281,0.0427,12,3,4,10,2,8,500,0.7
550,2.734045615,0.802820695,0.903218408,7469.655582,3281.793349,0.0634,12,3,4,10,2,8,500,0.7
551,1.797454077,0.807422248,0.891115385,6984.225998,2990.535599,0.0628,12,3,4,10,2,8,500,0.7
552,2.478914985,0.823841622,0.888448202,7356.274258,3213.764555,0.0511,12,3,4,10,2,8,500,0.7
553,1.118283514,0.734320181,0.875664472,6434.947839,2660.968703,0.0368,12,3,4,10,2,8,500,0.7
554,0.959459582,0.741850731,0.874726273,6257.656148,2554.593689,0.0706,12,3,4,10,2,8,500,0.7
555,1.497442242,0.725773834,0.911115983,6772.868612,2863.721167,0.0241,12,3,4,10,2,8,500,0.7
556,2.757453839,0.70122335,0.907169264,7479.522838,3287.713703,0.0328,12,3,4,10,2,8,500,0.7
557,0.995459251,0.762279591,0.875938109,6300.288091,2580.172854,0.0701,12,3,4,10,2,8,500,0.7
558,2.70399228,0.756065797,0.894209014,7456.86262,3274.117572,0.0422,12,3,4,10,2,8,500,0.7
559,4.743779975,0.719529776,0.897319162,8107.447084,3664.468251,0.0657,12,3,4,10,2,8,500,0.7
560,0.788649813,0.750449829,0.926629615,6030.748966,2418.44938,0.071,12,3,4,10,2,8,500,0.7
561,1.771762688,0.744452599,0.851412717,6967.563565,2980.538139,0.0354,12,3,4,10,2,8,500,0.7
562,2.359271591,0.786366572,0.937885927,7299.019587,3179.411752,0.0645,12,3,4,10,2,8,500,0.7
563,1.773264058,0.673504835,0.917172683,6968.543923,2981.126354,0.0384,12,3,4,10,2,8,500,0.7
564,2.935470044,0.805645671,0.890072165,7551.930083,3331.15805,0.0506,12,3,4,10,2,8,500,0.7
565,4.477372651,0.774183341,0.919780174,8040.551404,3624.330842,0.0386,12,3,4,10,2,8,500,0.7
566,2.02565445,0.751571265,0.870352249,7122.56115,3073.53669,0.0716,12,3,4,10,2,8,500,0.7
567,2.594776944,0.779086008,0.870696522,7409.144163,3245.486498,0.0868,12,3,4,10,2,8,500,0.7
568,1.469689861,0.700179258,0.919215687,6751.216897,2850.730138,0.0259,12,3,4,10,2,8,500,0.7
569,2.419634755,0.707429155,0.879215192,7328.259955,3196.955973,0.0347,12,3,4,10,2,8,500,0.7
570,2.184483008,0.704798625,0.911221922,7209.929619,3125.957771,0.0203,12,3,4,10,2,8,500,0.7
571,1.375110374,0.756044639,0.89875445,6674.229167,2804.5375,0.0514,12,3,4,10,2,8,500,0.7
572,2.324992426,0.782303155,0.912668071,7282.079608,3169.247765,0.0497,12,3,4,10,2,8,500,0.7
573,1.690188057,0.742205709,0.879290481,6913.009027,2947.805416,0.0781,12,3,4,10,2,8,500,0.7
574,2.150368478,0.755741087,0.870001318,7191.712052,3115.027231,0.0722,12,3,4,10,2,8,500,0.7
575,1.154527792,0.727253713,0.913537349,6471.865072,2683.119043,0.0431,12,3,4,10,2,8,500,0.7
576,2.471826968,0.776340297,0.928301533,7352.960116,3211.77607,0.0824,12,3,4,10,2,8,500,0.7
577,2.385963323,0.831767399,0.955256471,7312.040454,3187.224272,0.1042,12,3,4,10,2,8,500,0.7
578,0.965378024,0.665005958,0.870480211,6264.773704,2558.864223,0.0565,12,3,4,10,2,8,500,0.7
579,2.340389048,0.709685652,0.903817908,7289.718953,3173.831372,0.0417,12,3,4,10,2,8,500,0.7
580,3.497352543,0.691353464,0.873944472,7754.636882,3452.782129,0.109,12,3,4,10,2,8,500,0.7
581,3.658985722,0.760099382,0.858283758,7806.928222,3484.156933,0.0422,12,3,4,10,2,8,500,0.7
582,3.157194704,0.71339889,0.926451681,7636.208196,3381.724918,0.055,12,3,4,10,2,8,500,0.7
583,1.260852568,0.787667121,0.855656663,6573.828858,2744.297315,0.0482,12,3,4,10,2,8,500,0.7
584,1.579771274,0.73509544,0.79772646,6834.8149,2900.88894,0.0795,12,3,4,10,2,8,500,0.7
585,2.420619212,0.797983133,0.893966759,7328.730764,3197.238458,0.0262,12,3,4,10,2,8,500,0.7
586,2.368139811,0.768424218,0.914992861,7303.361987,3182.017192,0.0344,12,3,4,10,2,8,500,0.7
587,1.743416869,0.619498999,0.862393155,6948.896882,2969.338129,0.0431,12,3,4,10,2,8,500,0.7
588,1.93268234,0.752074737,0.896375639,7068.181541,3040.908925,0.048,12,3,4,10,2,8,500,0.7
589,1.343282004,0.780834358,0.904451504,6647.124857,2788.274914,0.0263,12,3,4,10,2,8,500,0.7
590,1.233042385,0.717099289,0.860404018,6548.014583,2728.80875,0.0385,12,3,4,10,2,8,500,0.7
591,4.013061467,0.731930712,0.852068653,7913.836121,3548.301672,0.0676,12,3,4,10,2,8,500,0.7
592,2.003648989,0.757777578,0.878409752,7109.918996,3065.951398,0.0441,12,3,4,10,2,8,500,0.7
593,2.160734124,0.688723841,0.932412555,7197.27782,3118.366692,0.0754,12,3,4,10,2,8,500,0.7
594,1.489473189,0.696882806,0.9391329,6766.6927,2860.01562,0.0601,12,3,4,10,2,8,500,0.7
595,1.794286099,0.739910726,0.901944543,6982.18429,2989.310574,0.0252,12,3,4,10,2,8,500,0.7
596,2.065856443,0.802770131,0.886262856,7145.306578,3087.183947,0.0433,12,3,4,10,2,8,500,0.7
597,1.521428261,0.820155488,0.942102051,6791.26104,2874.756624,0.0117,12,3,4,10,2,8,500,0.7
598,5.362235474,0.739975869,0.914485625,8249.283512,3749.570107,0.0364,12,3,4,10,2,8,500,0.7
599,1.483389084,0.725081466,0.885651652,6761.955314,2857.173188,0.0552,12,3,4,10,2,8,500,0.7
600,1.575501704,0.822191918,0.902358234,6831.682597,2899.009558,0.0268,12,3,4,10,2,8,500,0.7
601,1.950603409,0.769932197,0.869367405,7078.864312,3047.318587,0.0503,12,3,4,10,2,8,500,0.7
602,1.529346275,0.734908228,0.888716691,6797.26895,2878.36137,0.0408,12,3,4,10,2,8,500,0.7
603,1.144835044,0.747848055,0.928466173,6462.10713,2677.264278,0.1364,12,3,4,10,2,8,500,0.7
604,4.440963128,0.713989468,0.925220926,8031.101011,3618.660607,0.0137,12,3,4,10,2,8,500,0.7
605,2.009715253,0.737017025,0.955934442,7113.417878,3068.050727,0.0772,12,3,4,10,2,8,500,0.7
606,1.248222626,0.790162383,0.893829493,6562.176667,2737.306,0.0453,12,3,4,10,2,8,500,0.7
607,1.590470654,0.799440992,0.897339492,6842.627293,2905.576376,0.0426,12,3,4,10,2,8,500,0.7
608,1.834134074,0.683522027,0.927823523,7007.607032,3004.564219,0.0339,12,3,4,10,2,8,500,0.7
609,2.137717742,0.76578651,0.883090216,7184.882852,3110.929711,0.0674,12,3,4,10,2,8,500,0.7
610,1.513345684,0.806872509,0.931291094,6785.095931,2871.057559,0.0427,12,3,4,10,2,8,500,0.7
611,1.869454563,0.783556636,0.844554422,7029.683693,3017.810216,0.0276,12,3,4,10,2,8,500,0.7
612,1.115949932,0.731351524,0.945539283,6432.530092,2659.518055,0.0761,12,3,4,10,2,8,500,0.7
613,5.720687924,0.816438796,0.86267731,8324.177158,3794.506295,0.0296,12,3,4,10,2,8,500,0.7
614,1.991907741,0.69127698,0.914943812,7103.116717,3061.87003,0.0405,12,3,4,10,2,8,500,0.7
615,1.741773374,0.797897806,0.917843138,6947.805295,2968.683177,0.0355,12,3,4,10,2,8,500,0.7
616,3.755651294,0.710196992,0.922454656,7837.108469,3502.265082,0.0348,12,3,4,10,2,8,500,0.7
617,1.627940095,0.780808561,0.869602364,6869.578091,2921.746854,0.0624,12,3,4,10,2,8,500,0.7
618,0.779044111,0.777036981,0.899699659,6016.565267,2409.93916,0.0895,12,3,4,10,2,8,500,0.7
619,1.928270927,0.772741945,0.927015032,7065.5367,3039.32202,0.0725,12,3,4,10,2,8,500,0.7
620,1.55548277,0.698441909,0.894859606,6816.881899,2890.129139,0.0574,12,3,4,10,2,8,500,0.7
621,1.367429005,0.740148569,0.917380731,6667.745762,2800.647457,0.0337,12,3,4,10,2,8,500,0.7
622,2.139730996,0.789384044,0.91269694,7185.972359,3111.583415,0.0375,12,3,4,10,2,8,500,0.7
623,2.603501117,0.756424616,0.92239473,7413.029077,3247.817446,0.0697,12,3,4,10,2,8,500,0.7
624,1.111000858,0.760281792,0.92315624,6427.385744,2656.431446,0.0918,12,3,4,10,2,8,500,0.7
625,3.977014368,0.768012356,0.864885171,7903.3928,3542.03568,0.0694,12,3,4,10,2,8,500,0.7
626,1.917903599,0.78253242,0.885929492,7059.297123,3035.578274,0.057,12,3,4,10,2,8,500,0.7
627,4.616129079,0.780494969,0.866979189,8075.87557,3645.525342,0.0645,12,3,4,10,2,8,500,0.7
628,2.117291273,0.700974417,0.876810108,7173.770336,3104.262202,0.0368,12,3,4,10,2,8,500,0.7
629,2.015794556,0.746820202,0.915095746,7116.913702,3070.148221,0.0296,12,3,4,10,2,8,500,0.7
630,1.142873168,0.692063282,0.911681865,6460.122008,2676.073205,0.0328,12,3,4,10,2,8,500,0.7
631,1.54860072,0.702079091,0.892012992,6811.749725,2887.049835,0.0326,12,3,4,10,2,8,500,0.7
632,1.527122845,0.761964526,0.841084183,6795.585036,2877.351022,0.0711,12,3,4,10,2,8,500,0.7
633,3.069542677,0.765975289,0.880277464,7603.621048,3362.172629,0.0304,12,3,4,10,2,8,500,0.7
634,1.402196136,0.749752402,0.9022568,6696.805181,2818.083108,0.024,12,3,4,10,2,8,500,0.7
635,1.280114016,0.675814548,0.863064839,6591.37633,2754.825798,0.0652,12,3,4,10,2,8,500,0.7
636,3.807586877,0.727283756,0.919230826,7853.004193,3511.802516,0.0391,12,3,4,10,2,8,500,0.7
637,1.618079922,0.750310412,0.916524377,6862.546543,2917.527926,0.0226,12,3,4,10,2,8,500,0.7
638,1.609149467,0.683600567,0.927124032,6856.140923,2913.684554,0.0529,12,3,4,10,2,8,500,0.7
639,1.4985902,0.769581988,0.929447923,6773.755555,2864.253333,0.0577,12,3,4,10,2,8,500,0.7
640,2.385630274,0.760282924,0.872189844,7311.878883,3187.12733,0.0331,12,3,4,10,2,8,500,0.7
641,3.171459883,0.792087783,0.920439299,7641.425941,3384.855564,0.0477,12,3,4,10,2,8,500,0.7
642,2.667513102,0.792606815,0.937656452,7441.141917,3264.68515,0.0346,12,3,4,10,2,8,500,0.7
643,2.229818353,0.706941971,0.889336428,7233.70385,3140.22231,0.0817,12,3,4,10,2,8,500,0.7
644,1.603255173,0.768492397,0.917102035,6851.893572,2911.136143,0.044,12,3,4,10,2,8,500,0.7
645,4.057548153,0.803794144,0.925472733,7926.595935,3555.957561,0.0333,12,3,4,10,2,8,500,0.7
646,3.583932329,0.735457841,0.899266277,7782.940525,3469.764315,0.0536,12,3,4,10,2,8,500,0.7
647,2.765789845,0.761662404,0.890812971,7483.016496,3289.809898,0.0519,12,3,4,10,2,8,500,0.7
648,4.005993818,0.765045092,0.910754037,7911.795942,3547.077565,0.0386,12,3,4,10,2,8,500,0.7
649,1.384646286,0.748313689,0.910543607,6682.227682,2809.336609,0.0426,12,3,4,10,2,8,500,0.7
650,2.19877524,0.732767199,0.927858282,7217.477426,3130.486456,0.0394,12,3,4,10,2,8,500,0.7
651,1.730904229,0.755803466,0.863777476,6940.560125,2964.336075,0.0627,12,3,4,10,2,8,500,0.7
652,2.724896218,0.772899008,0.917138425,7465.775859,3279.465515,0.0775,12,3,4,10,2,8,500,0.7
653,1.310792474,0.791249126,0.884507772,6618.786917,2771.27215,0.0786,12,3,4,10,2,8,500,0.7
654,5.669829028,0.696936194,0.908386784,8313.841393,3788.304836,0.0446,12,3,4,10,2,8,500,0.7
655,2.412051151,0.782441421,0.883143753,7324.626719,3194.776032,0.0245,12,3,4,10,2,8,500,0.7
656,2.262941565,0.72879117,0.892063795,7250.770306,3150.462184,0.0185,12,3,4,10,2,8,500,0.7
657,1.931636125,0.751591435,0.886622556,7067.554835,3040.532901,0.0499,12,3,4,10,2,8,500,0.7
658,2.005377025,0.731954669,0.88294475,7110.916766,3066.550059,0.0281,12,3,4,10,2,8,500,0.7
659,1.530985984,0.741386885,0.919050823,6798.509215,2879.105529,0.0523,12,3,4,10,2,8,500,0.7
660,1.942908813,0.728144644,0.907280171,7074.289628,3044.573777,0.0364,12,3,4,10,2,8,500,0.7
661,3.049548988,0.726290135,0.927624347,7596.057531,3357.634519,0.0892,12,3,4,10,2,8,500,0.7
662,1.194504293,0.769665098,0.899285353,6511.263058,2706.757835,0.0528,12,3,4,10,2,8,500,0.7
663,3.946538485,0.764076056,0.854198902,7894.489423,3536.693654,0.0361,12,3,4,10,2,8,500,0.7
664,3.582929497,0.795666909,0.939603092,7782.616622,3469.569973,0.0441,12,3,4,10,2,8,500,0.7
665,3.731531738,0.759352798,0.902463998,7829.651392,3497.790835,0.0717,12,3,4,10,2,8,500,0.7
666,1.301450848,0.697021704,0.939089103,6610.508887,2766.305332,0.0372,12,3,4,10,2,8,500,0.7
667,2.162861628,0.62510162,0.889388557,7198.416867,3119.05012,0.0543,12,3,4,10,2,8,500,0.7
668,1.143219807,0.67465797,0.905384497,6460.473001,2676.283801,0.0775,12,3,4,10,2,8,500,0.7
669,0.905858106,0.7291485,0.887301252,6191.119674,2514.671805,0.046,12,3,4,10,2,8,500,0.7
670,1.324349275,0.751014877,0.883797925,6630.695863,2778.417518,0.0504,12,3,4,10,2,8,500,0.7
671,0.959725809,0.757131919,0.916820352,6257.977256,2554.786354,0.0917,12,3,4,10,2,8,500,0.7
672,0.841302214,0.654294058,0.916631601,6105.550541,2463.330325,0.0608,12,3,4,10,2,8,500,0.7
673,1.36751718,0.805170781,0.875065137,6667.820391,2800.692235,0.0126,12,3,4,10,2,8,500,0.7
674,2.55288358,0.739102077,0.911840415,7390.305019,3234.183011,0.031,12,3,4,10,2,8,500,0.7
675,1.824691641,0.695775084,0.895974273,7001.633112,3000.979867,0.0684,12,3,4,10,2,8,500,0.7
676,1.254391976,0.742824402,0.858251823,6567.883071,2740.729843,0.0279,12,3,4,10,2,8,500,0.7
677,3.525421264,0.771842279,0.944317654,7763.888816,3458.333289,0.0683,12,3,4,10,2,8,500,0.7
678,2.554429754,0.706699588,0.900460804,7391.005799,3234.60348,0.0316,12,3,4,10,2,8,500,0.7
679,1.570922562,0.719960568,0.879956732,6828.313734,2896.98824,0.0695,12,3,4,10,2,8,500,0.7
680,1.658737137,0.760311136,0.889513517,6891.269157,2934.761494,0.0645,12,3,4,10,2,8,500,0.7
681,2.599801337,0.718498825,0.882895442,7411.38314,3246.829884,0.0901,12,3,4,10,2,8,500,0.7
682,1.776101687,0.741819174,0.965342092,6970.394559,2982.236735,0.0684,12,3,4,10,2,8,500,0.7
683,1.446613412,0.702974009,0.924413703,6732.899591,2839.739755,0.0304,12,3,4,10,2,8,500,0.7
684,0.659654368,0.74573523,0.871442445,5824.028628,2294.417177,0.0198,12,3,4,10,2,8,500,0.7
685,1.712443561,0.7119695,0.935921154,6928.149692,2956.889815,0.0798,12,3,4,10,2,8,500,0.7
686,1.901036271,0.683425301,0.889613748,7049.073082,3029.443849,0.043,12,3,4,10,2,8,500,0.7
687,2.934168889,0.714096524,0.924971857,7551.416946,3330.850167,0.0181,12,3,4,10,2,8,500,0.7
688,2.030355493,0.722162733,0.868734066,7125.244094,3075.146457,0.0382,12,3,4,10,2,8,500,0.7
689,1.21750609,0.686390881,0.875090149,6533.338632,2720.003179,0.0375,12,3,4,10,2,8,500,0.7
690,2.134780409,0.773104351,0.864174625,7183.291422,3109.974853,0.0464,12,3,4,10,2,8,500,0.7
691,1.8403543,0.806108337,0.897657513,7011.525587,3006.915352,0.0582,12,3,4,10,2,8,500,0.7
692,1.474162507,0.710612328,0.923125157,6754.733839,2852.840303,0.0522,12,3,4,10,2,8,500,0.7
693,1.525237771,0.726393295,0.945809318,6794.155455,2876.493273,0.0358,12,3,4,10,2,8,500,0.7
694,2.831457534,0.726896162,0.87173453,7510.175473,3306.105284,0.0483,12,3,4,10,2,8,500,0.7
695,0.85002688,0.762022189,0.900073979,6117.491543,2470.494926,0.0415,12,3,4,10,2,8,500,0.7
696,0.962967921,0.778353179,0.952167241,6261.880579,2557.128348,0.0222,12,3,4,10,2,8,500,0.7
697,1.119780301,0.821358163,0.925288511,6436.495956,2661.897574,0.0614,12,3,4,10,2,8,500,0.7
698,2.216335642,0.719925285,0.913815504,7226.684283,3136.01057,0.0622,12,3,4,10,2,8,500,0.7
699,2.125684699,0.747476667,0.898255469,7178.349493,3107.009696,0.036,12,3,4,10,2,8,500,0.7
700,1.824092864,0.838706614,0.895634053,7001.253244,3000.751946,0.0481,12,3,4,10,2,8,500,0.7
701,1.995600058,0.790907687,0.880401356,7105.260169,3063.156102,0.0222,12,3,4,10,2,8,500,0.7
702,1.150800653,0.76164038,0.923720569,6468.122593,2680.873556,0.0455,12,3,4,10,2,8,500,0.7
703,1.70928535,0.742413009,0.914638582,6926.013147,2955.607888,0.0489,12,3,4,10,2,8,500,0.7
704,1.035408147,0.746310323,0.912599629,6345.82835,2607.49701,0.0654,12,3,4,10,2,8,500,0.7
705,1.444120414,0.71997094,0.942875165,6730.903271,2838.541962,0.0264,12,3,4,10,2,8,500,0.7
706,2.787683563,0.795690765,0.880314226,7492.142346,3295.285407,0.0307,12,3,4,10,2,8,500,0.7
707,2.101969052,0.782694045,0.889637758,7165.364062,3099.218437,0.0308,12,3,4,10,2,8,500,0.7
708,2.149990253,0.767927512,0.907059609,7191.508459,3114.905076,0.0731,12,3,4,10,2,8,500,0.7
709,1.280276912,0.813772066,0.91118056,6591.523602,2754.914161,0.0382,12,3,4,10,2,8,500,0.7
710,2.71969138,0.721532559,0.941070535,7463.562975,3278.137785,0.0739,12,3,4,10,2,8,500,0.7
711,1.241761531,0.73799092,0.920151513,6556.170094,2733.702057,0.0369,12,3,4,10,2,8,500,0.7
712,1.444409854,0.754456933,0.890926929,6731.135223,2838.681134,0.0507,12,3,4,10,2,8,500,0.7
713,1.774358838,0.777391991,0.878816617,6969.258264,2981.554958,0.0319,12,3,4,10,2,8,500,0.7
714,1.75688579,0.815770593,0.938867184,6957.804172,2974.682503,0.0371,12,3,4,10,2,8,500,0.7
715,1.285613635,0.786384694,0.926921776,6596.338127,2757.802876,0.0587,12,3,4,10,2,8,500,0.7
716,4.1876268,0.728667546,0.927985849,7963.118261,3577.870956,0.0271,12,3,4,10,2,8,500,0.7
717,1.426898211,0.724804605,0.850288275,6717.017367,2830.21042,0.0689,12,3,4,10,2,8,500,0.7
718,1.521775684,0.810282717,0.925646451,6791.525308,2874.915185,0.0608,12,3,4,10,2,8,500,0.7
719,1.563587885,0.783775669,0.883206369,6822.897115,2893.738269,0.041,12,3,4,10,2,8,500,0.7
720,3.439497775,0.784224537,0.899104408,7735.330399,3441.19824,0.0391,12,3,4,10,2,8,500,0.7
721,1.43126754,0.680610461,0.900989958,6720.556069,2832.333641,0.0462,12,3,4,10,2,8,500,0.7
722,3.297051667,0.793538245,0.919551619,7686.375735,3411.825441,0.0614,12,3,4,10,2,8,500,0.7
723,1.495295317,0.724482407,0.909879644,6771.208014,2862.724808,0.0254,12,3,4,10,2,8,500,0.7
724,1.385978015,0.726726753,0.909748971,6683.340323,2810.004194,0.0245,12,3,4,10,2,8,500,0.7
725,3.822843699,0.749559968,0.926068436,7857.632604,3514.579562,0.0306,12,3,4,10,2,8,500,0.7
726,0.995348357,0.771771044,0.870918169,6300.159149,2580.095489,0.0372,12,3,4,10,2,8,500,0.7
727,1.887052623,0.765963876,0.908184686,7040.527955,3024.316773,0.0697,12,3,4,10,2,8,500,0.7
728,1.669488309,0.779550647,0.916496323,6898.746733,2939.24804,0.0383,12,3,4,10,2,8,500,0.7
729,2.91671497,0.782801838,0.903581778,7544.511542,3326.706925,0.0316,12,3,4,10,2,8,500,0.7
730,1.461300741,0.723582895,0.912866247,6744.591386,2846.754832,0.0453,12,3,4,10,2,8,500,0.7
731,3.277262658,0.778932574,0.868927234,7679.408008,3407.644805,0.0745,12,3,4,10,2,8,500,0.7
732,1.194693621,0.769795351,0.940186137,6511.446491,2706.867895,0.0772,12,3,4,10,2,8,500,0.7
733,2.25995372,0.743028519,0.931128028,7249.241129,3149.544677,0.0461,12,3,4,10,2,8,500,0.7
734,1.518550413,0.768092131,0.931825634,6789.069681,2873.441808,0.0159,12,3,4,10,2,8,500,0.7
735,2.310163187,0.700094143,0.924361999,7274.673803,3164.804282,0.0514,12,3,4,10,2,8,500,0.7
736,1.34645297,0.812435856,0.871476702,6649.853825,2789.912295,0.0253,12,3,4,10,2,8,500,0.7
737,2.004089876,0.790730772,0.901736686,7110.173647,3066.104188,0.0372,12,3,4,10,2,8,500,0.7
738,3.579391784,0.80165475,0.936386337,7781.473256,3468.883954,0.0592,12,3,4,10,2,8,500,0.7
739,1.451058806,0.78553897,0.902256252,6736.450811,2841.870487,0.0424,12,3,4,10,2,8,500,0.7
740,3.231786792,0.704657784,0.882763381,7663.235151,3397.941091,0.0588,12,3,4,10,2,8,500,0.7
741,1.892200104,0.742772078,0.876236667,7043.68082,3026.208492,0.046,12,3,4,10,2,8,500,0.7
742,3.139730854,0.810200905,0.846351913,7629.788288,3377.872973,0.0389,12,3,4,10,2,8,500,0.7
743,1.668027141,0.744277515,0.951539136,6897.733305,2938.639983,0.0814,12,3,4,10,2,8,500,0.7
744,0.799626261,0.721277026,0.903179004,6046.746719,2428.048032,0.0389,12,3,4,10,2,8,500,0.7
745,1.5473354,0.692906446,0.93299226,6810.803651,2886.482191,0.0366,12,3,4,10,2,8,500,0.7
746,2.157085848,0.630629165,0.916461195,7195.321952,3117.193171,0.0747,12,3,4,10,2,8,500,0.7
747,0.453965674,0.830263106,0.895300559,5391.51193,2034.907158,0.0679,12,3,4,10,2,8,500,0.7
748,2.711028288,0.759225462,0.920848607,7459.870376,3275.922226,0.038,12,3,4,10,2,8,500,0.7
749,1.416942777,0.797684763,0.885538849,6708.913862,2825.348317,0.0543,12,3,4,10,2,8,500,0.7
750,4.444118863,0.779031605,0.901717389,8031.923169,3619.153902,0.065,12,3,4,10,2,8,500,0.7
751,1.251290286,0.75666927,0.921215178,6565.017648,2739.010589,0.0889,12,3,4,10,2,8,500,0.7
752,2.736854537,0.787287273,0.850696143,7470.844076,3282.506446,0.0382,12,3,4,10,2,8,500,0.7
753,2.443906643,0.727500694,0.919674465,7339.812317,3203.88739,0.0514,12,3,4,10,2,8,500,0.7
754,0.747808655,0.750308933,0.912077169,5969.203539,2381.522123,0.0767,12,3,4,10,2,8,500,0.7
755,1.760784298,0.781537444,0.883729933,6960.369599,2976.221759,0.0507,12,3,4,10,2,8,500,0.7
756,4.696271368,0.684743601,0.869656539,8095.797301,3657.478381,0.0462,12,3,4,10,2,8,500,0.7
757,2.218378316,0.779205281,0.907334786,7227.75051,3136.650306,0.0255,12,3,4,10,2,8,500,0.7
758,2.055326569,0.761979514,0.896720794,7139.392071,3083.635243,0.0252,12,3,4,10,2,8,500,0.7
759,1.791396605,0.734294992,0.884351168,6980.318914,2988.191349,0.0168,12,3,4,10,2,8,500,0.7
760,1.462741275,0.702261741,0.875119956,6745.731783,2847.43907,0.0483,12,3,4,10,2,8,500,0.7
761,3.731100758,0.754675293,0.908577411,7829.517708,3497.710625,0.073,12,3,4,10,2,8,500,0.7
762,2.282983528,0.719416231,0.885958201,7260.975871,3156.585523,0.0132,12,3,4,10,2,8,500,0.7
763,1.570068722,0.725867553,0.893421166,6827.68448,2896.610688,0.0734,12,3,4,10,2,8,500,0.7
764,1.026341647,0.734744414,0.869735836,6335.648935,2601.389361,0.0732,12,3,4,10,2,8,500,0.7
765,3.181389385,0.81242625,0.921359737,7645.043999,3387.026399,0.0305,12,3,4,10,2,8,500,0.7
766,1.264545497,0.753234934,0.936000563,6577.213851,2746.32831,0.0225,12,3,4,10,2,8,500,0.7
767,2.604868564,0.714285975,0.923500721,7413.636827,3248.182096,0.0343,12,3,4,10,2,8,500,0.7
768,0.892445544,0.764960377,0.955366946,6173.854418,2504.312651,0.0329,12,3,4,10,2,8,500,0.7
769,2.192373647,0.694447743,0.897650657,7214.102794,3128.461676,0.0714,12,3,4,10,2,8,500,0.7
770,2.612928566,0.790780744,0.863741098,7417.212556,3250.327533,0.0471,12,3,4,10,2,8,500,0.7
771,1.923989766,0.794866341,0.96058101,7062.964159,3037.778495,0.0213,12,3,4,10,2,8,500,0.7
772,1.123941475,0.770190778,0.893088803,6440.788983,2664.47339,0.0425,12,3,4,10,2,8,500,0.7
773,1.903652624,0.841459979,0.847495721,7050.664901,3030.39894,0.0404,12,3,4,10,2,8,500,0.7
774,3.953017118,0.743471794,0.931969296,7896.387864,3537.832718,0.0208,12,3,4,10,2,8,500,0.7
775,1.370934044,0.708607662,0.945004169,6670.70867,2802.425202,0.0413,12,3,4,10,2,8,500,0.7
776,1.996742067,0.856048944,0.929598455,7105.922321,3063.553393,0.0206,12,3,4,10,2,8,500,0.7
777,1.098105619,0.751963813,0.909554981,6413.8733,2648.32398,0.0773,12,3,4,10,2,8,500,0.7
778,1.439563749,0.676311961,0.877229537,6727.245504,2836.347302,0.0566,12,3,4,10,2,8,500,0.7
779,1.378658116,0.804012944,0.893790975,6677.211396,2806.326838,0.072,12,3,4,10,2,8,500,0.7
780,1.81949024,0.822115994,0.9366478,6998.329136,2998.997482,0.0337,12,3,4,10,2,8,500,0.7
781,2.830866165,0.790238207,0.92615017,7509.933715,3305.960229,0.119,12,3,4,10,2,8,500,0.7
782,2.688947731,0.744936615,0.919672627,7450.405022,3270.243013,0.045,12,3,4,10,2,8,500,0.7
783,1.311067744,0.720171356,0.945718392,6619.029951,2771.41797,0.0525,12,3,4,10,2,8,500,0.7
784,1.167347536,0.735230147,0.896715662,6484.645963,2690.787578,0.0619,12,3,4,10,2,8,500,0.7
785,2.548968773,0.807328623,0.953921553,7388.52879,3233.117274,0.0545,12,3,4,10,2,8,500,0.7
786,1.482025726,0.805715336,0.839580373,6760.891071,2856.534643,0.0675,12,3,4,10,2,8,500,0.7
787,1.68909355,0.780974932,0.888631621,6912.259287,2947.355572,0.0656,12,3,4,10,2,8,500,0.7
788,1.695548049,0.814896557,0.860560198,6916.673636,2950.004182,0.0221,12,3,4,10,2,8,500,0.7
789,1.621475002,0.733073303,0.93316226,6864.972488,2918.983493,0.0743,12,3,4,10,2,8,500,0.7
790,1.126159143,0.837839249,0.841176657,6443.070433,2665.84226,0.0911,12,3,4,10,2,8,500,0.7
791,1.251388446,0.658071006,0.911341731,6565.108439,2739.065064,0.0602,12,3,4,10,2,8,500,0.7
792,1.32822356,0.735366864,0.871345811,6634.076829,2780.446097,0.0842,12,3,4,10,2,8,500,0.7
793,2.256456377,0.707416433,0.900601568,7247.44862,3148.469172,0.0192,12,3,4,10,2,8,500,0.7
794,0.762380552,0.8143967,0.903493019,5991.540005,2394.924003,0.0321,12,3,4,10,2,8,500,0.7
795,2.117283138,0.69387018,0.89270342,7173.765889,3104.259533,0.0651,12,3,4,10,2,8,500,0.7
796,0.928268795,0.763487792,0.806940637,6219.405163,2531.643098,0.0565,12,3,4,10,2,8,500,0.7
797,3.08068719,0.704110497,0.918805804,7607.815609,3364.689365,0.0378,12,3,4,10,2,8,500,0.7
798,1.712855522,0.751826859,0.892377963,6928.428094,2957.056857,0.0642,12,3,4,10,2,8,500,0.7
799,1.349444951,0.790619281,0.862161307,6652.422871,2791.453722,0.038,12,3,4,10,2,8,500,0.7
800,2.742069261,0.792565325,0.95898854,7473.047269,3283.828361,0.0151,12,3,4,10,2,8,500,0.7
801,0.796087479,0.770692067,0.874637809,6041.613193,2424.967916,0.0546,12,3,4,10,2,8,500,0.7
802,1.775088368,0.70954557,0.830488496,6969.734036,2981.840421,0.0609,12,3,4,10,2,8,500,0.7
803,1.35229862,0.816197812,0.886927943,6654.867854,2792.920712,0.0382,12,3,4,10,2,8,500,0.7
804,1.865199063,0.71234244,0.926729472,7027.046046,3016.227627,0.0318,12,3,4,10,2,8,500,0.7
805,1.313047712,0.736697184,0.920109113,6620.776543,2772.465926,0.0916,12,3,4,10,2,8,500,0.7
806,1.446114732,0.67240948,0.881058513,6732.500538,2839.500323,0.0509,12,3,4,10,2,8,500,0.7
807,4.339132507,0.738926013,0.891470365,8004.25283,3602.551698,0.0367,12,3,4,10,2,8,500,0.7
808,0.61287823,0.796081284,0.906113874,5738.90161,2243.340966,0.0589,12,3,4,10,2,8,500,0.7
809,4.376862224,0.770820383,0.888754914,8014.273241,3608.563945,0.0703,12,3,4,10,2,8,500,0.7
810,1.344241951,0.724889443,0.922947614,6647.951677,2788.771006,0.0425,12,3,4,10,2,8,500,0.7
811,3.018262458,0.736965483,0.95845341,7584.121899,3350.473139,0.0424,12,3,4,10,2,8,500,0.7
812,1.562757253,0.755309492,0.891959668,6822.282096,2893.369258,0.0286,12,3,4,10,2,8,500,0.7
813,1.881219966,0.749310016,0.872652342,7036.945005,3022.167003,0.0484,12,3,4,10,2,8,500,0.7
814,2.65986529,0.791988818,0.926617495,7437.818841,3262.691305,0.0506,12,3,4,10,2,8,500,0.7
815,3.149997938,0.847127424,0.923453494,7633.566896,3380.140138,0.0506,12,3,4,10,2,8,500,0.7
816,1.976232896,0.735199433,0.857487057,7093.972749,3056.383649,0.0499,12,3,4,10,2,8,500,0.7
817,1.952492632,0.712825407,0.894466721,7079.984756,3047.990853,0.0142,12,3,4,10,2,8,500,0.7
818,2.623311858,0.797511944,0.926843165,7421.802763,3253.081658,0.0704,12,3,4,10,2,8,500,0.7
819,1.671830972,0.780884622,0.859964866,6900.369695,2940.221817,0.0213,12,3,4,10,2,8,500,0.7
820,1.314866568,0.701576972,0.892084918,6622.378694,2773.427216,0.0468,12,3,4,10,2,8,500,0.7
821,3.591960521,0.73887701,0.902244601,7785.530277,3471.318166,0.0212,12,3,4,10,2,8,500,0.7
822,1.86032958,0.788007358,0.921177416,7024.020446,3014.412268,0.0996,12,3,4,10,2,8,500,0.7
823,1.591770789,0.685221477,0.92630612,6843.573033,2906.14382,0.0575,12,3,4,10,2,8,500,0.7
824,1.971213626,0.751805939,0.891276991,7091.029406,3054.617644,0.0368,12,3,4,10,2,8,500,0.7
825,1.75540836,0.748642163,0.902316957,6956.830456,2974.098273,0.0283,12,3,4,10,2,8,500,0.7
826,2.255759673,0.784501804,0.913223745,7247.091204,3148.254722,0.0365,12,3,4,10,2,8,500,0.7
827,2.210680114,0.777745038,0.894273706,7223.727097,3134.236258,0.0596,12,3,4,10,2,8,500,0.7
828,1.240272489,0.732361815,0.950855707,6554.781371,2732.868823,0.0177,12,3,4,10,2,8,500,0.7
829,0.676610127,0.758931014,0.872570494,5853.402714,2312.041628,0.0382,12,3,4,10,2,8,500,0.7
830,2.528830201,0.771863252,0.934654699,7379.348177,3227.608906,0.0347,12,3,4,10,2,8,500,0.7
831,0.922696659,0.726594264,0.914571804,6212.436637,2527.461982,0.0492,12,3,4,10,2,8,500,0.7
832,1.753899745,0.817086037,0.939948825,6955.835341,2973.501204,0.0347,12,3,4,10,2,8,500,0.7
833,1.449648242,0.710875675,0.869632094,6735.325157,2841.195094,0.0581,12,3,4,10,2,8,500,0.7
834,3.429165862,0.795862771,0.875498273,7731.848429,3439.109057,0.0431,12,3,4,10,2,8,500,0.7
835,1.325199163,0.780723608,0.924546119,6631.43838,2778.863028,0.0571,12,3,4,10,2,8,500,0.7
836,2.434412588,0.809729399,0.923228978,7335.30728,3201.184368,0.0527,12,3,4,10,2,8,500,0.7
837,2.131530347,0.723269387,0.912936356,7181.528003,3108.916802,0.063,12,3,4,10,2,8,500,0.7
838,1.667956251,0.704351935,0.884107304,6897.684115,2938.610469,0.0236,12,3,4,10,2,8,500,0.7
839,2.034631119,0.782141277,0.951519467,7127.678859,3076.607315,0.0353,12,3,4,10,2,8,500,0.7
840,1.709425422,0.768213543,0.920146756,6926.10799,2955.664794,0.0418,12,3,4,10,2,8,500,0.7
841,2.669515911,0.760593114,0.911982257,7442.010589,3265.206354,0.0609,12,3,4,10,2,8,500,0.7
842,1.188827658,0.729213002,0.916244819,6505.749606,2703.449764,0.0689,12,3,4,10,2,8,500,0.7
843,1.089909088,0.832390731,0.895924528,6405.201721,2643.121033,0.0497,12,3,4,10,2,8,500,0.7
844,1.355580682,0.777600346,0.899290053,6657.673507,2794.604104,0.0764,12,3,4,10,2,8,500,0.7
845,0.732819292,0.758946732,0.910721615,5945.768357,2367.461014,0.0679,12,3,4,10,2,8,500,0.7
846,6.450304012,0.776904445,0.90849304,8463.110259,3877.866155,0.0911,12,3,4,10,2,8,500,0.7
847,1.420062339,0.727540293,0.901814189,6711.459226,2826.875535,0.034,12,3,4,10,2,8,500,0.7
848,1.931948084,0.764574925,0.853549443,7067.741741,3040.645044,0.0477,12,3,4,10,2,8,500,0.7
849,2.85704895,0.773953698,0.868769861,7520.589417,3312.35365,0.0294,12,3,4,10,2,8,500,0.7
850,3.045642465,0.773425419,0.884302034,7594.573923,3356.744354,0.0343,12,3,4,10,2,8,500,0.7
851,0.686313257,0.745517231,0.906943697,5869.882971,2321.929782,0.0347,12,3,4,10,2,8,500,0.7
852,0.775215104,0.67529781,0.91857814,6010.862576,2406.517546,0.0221,12,3,4,10,2,8,500,0.7
853,1.250381966,0.72164178,0.832588441,6564.177173,2738.506304,0.0387,12,3,4,10,2,8,500,0.7
854,1.867834346,0.713751571,0.936648675,7028.680157,3017.208094,0.0383,12,3,4,10,2,8,500,0.7
855,1.091692497,0.750994938,0.893270263,6407.09403,2644.256418,0.0509,12,3,4,10,2,8,500,0.7
856,1.357265527,0.770254598,0.896590718,6659.11115,2795.46669,0.0386,12,3,4,10,2,8,500,0.7
857,3.397276089,0.684496517,0.876930893,7721.034676,3432.620806,0.0737,12,3,4,10,2,8,500,0.7
858,1.631495948,0.806700226,0.866696023,6872.103418,2923.262051,0.0259,12,3,4,10,2,8,500,0.7
859,1.486763154,0.741799948,0.916522753,6764.584927,2858.750956,0.0339,12,3,4,10,2,8,500,0.7
860,2.563705901,0.771576438,0.900869769,7395.201191,3237.120715,0.0579,12,3,4,10,2,8,500,0.7
861,1.583305762,0.725375977,0.942046999,6837.401523,2902.440914,0.0725,12,3,4,10,2,8,500,0.7
862,1.182016758,0.717079496,0.890085107,6499.099649,2699.459789,0.0627,12,3,4,10,2,8,500,0.7
863,2.946034299,0.687351328,0.932394047,7556.087917,3333.65275,0.045,12,3,4,10,2,8,500,0.7
864,1.460620187,0.726689643,0.949433134,6744.052236,2846.431341,0.0321,12,3,4,10,2,8,500,0.7
865,1.975261412,0.795885356,0.906584584,7093.403646,3056.042188,0.0273,12,3,4,10,2,8,500,0.7
866,2.534925797,0.816504413,0.919815314,7382.134682,3229.280809,0.0393,12,3,4,10,2,8,500,0.7
867,1.648708191,0.715704314,0.896750286,6884.250077,2930.550046,0.0479,12,3,4,10,2,8,500,0.7
868,1.800422252,0.812585923,0.912427788,6986.135674,2991.681404,0.0581,12,3,4,10,2,8,500,0.7
869,1.2725488,0.831179659,0.870777206,6584.515993,2750.709596,0.0352,12,3,4,10,2,8,500,0.7
870,0.456762131,0.748978669,0.923524905,5398.619764,2039.171858,0.0602,12,3,4,10,2,8,500,0.7
871,3.227769318,0.776992371,0.935119372,7661.795469,3397.077281,0.0964,12,3,4,10,2,8,500,0.7
872,1.700791723,0.738435488,0.876468553,6920.247525,2952.148515,0.0662,12,3,4,10,2,8,500,0.7
873,2.30730958,0.759259674,0.872086257,7273.243243,3163.945946,0.0666,12,3,4,10,2,8,500,0.7
874,5.092110996,0.707959778,0.904653642,8189.458887,3713.675332,0.0721,12,3,4,10,2,8,500,0.7
875,1.002778238,0.774879378,0.878698437,6308.76665,2585.25999,0.0507,12,3,4,10,2,8,500,0.7
876,2.520663328,0.809781536,0.938304798,7375.604274,3225.362564,0.0635,12,3,4,10,2,8,500,0.7
877,1.09415544,0.710871533,0.801644171,6409.702289,2645.821373,0.0396,12,3,4,10,2,8,500,0.7
878,0.745153082,0.719624812,0.89584033,5965.086108,2379.051665,0.0366,12,3,4,10,2,8,500,0.7
879,1.827212268,0.761398868,0.912897824,7003.23085,3001.93851,0.0327,12,3,4,10,2,8,500,0.7
880,3.640571318,0.701101141,0.870843415,7801.088686,3480.653212,0.0453,12,3,4,10,2,8,500,0.7
881,0.618162603,0.812652733,0.869315386,5748.838259,2249.302956,0.0347,12,3,4,10,2,8,500,0.7
882,2.148437971,0.626484209,0.885968775,7190.672515,3114.403509,0.0337,12,3,4,10,2,8,500,0.7
883,0.830742175,0.731068937,0.912693324,6090.930798,2454.558479,0.0323,12,3,4,10,2,8,500,0.7
884,2.106261827,0.761181372,0.875569857,7167.725382,3100.635229,0.0672,12,3,4,10,2,8,500,0.7
885,1.021230771,0.715869834,0.908585243,6329.870993,2597.922596,0.0476,12,3,4,10,2,8,500,0.7
886,2.406147674,0.71898039,0.893731721,7321.790501,3193.074301,0.045,12,3,4,10,2,8,500,0.7
887,1.42600334,0.725197101,0.885740466,6716.291278,2829.774767,0.0316,12,3,4,10,2,8,500,0.7
888,2.324490374,0.770103359,0.87674493,7281.829654,3169.097792,0.0535,12,3,4,10,2,8,500,0.7
889,3.397490019,0.737900266,0.894797889,7721.107557,3432.664534,0.0798,12,3,4,10,2,8,500,0.7
890,2.533364344,0.766882714,0.911212855,7381.421527,3228.852916,0.0287,12,3,4,10,2,8,500,0.7
891,1.755054822,0.753744647,0.896146571,6956.597331,2973.958399,0.0439,12,3,4,10,2,8,500,0.7
892,1.316097439,0.730794016,0.938699452,6623.461657,2774.076994,0.0282,12,3,4,10,2,8,500,0.7
893,1.372667068,0.702206085,0.904553324,6672.170847,2803.302508,0.0371,12,3,4,10,2,8,500,0.7
894,1.653393674,0.746884554,0.919428486,6887.534661,2932.520797,0.0271,12,3,4,10,2,8,500,0.7
895,1.151520922,0.754903884,0.926654572,6468.846771,2681.308062,0.0417,12,3,4,10,2,8,500,0.7
896,1.70194463,0.734142112,0.917570374,6921.031826,2952.619095,0.0367,12,3,4,10,2,8,500,0.7
897,1.494976951,0.822476271,0.894045638,6770.961562,2862.576937,0.0197,12,3,4,10,2,8,500,0.7
898,1.648017228,0.754841946,0.889717045,6883.764914,2930.258948,0.044,12,3,4,10,2,8,500,0.7
899,1.69004134,0.777400782,0.922989002,6912.908553,2947.745132,0.0433,12,3,4,10,2,8,500,0.7
900,1.666996604,0.791405787,0.92225331,6897.018017,2938.21081,0.0405,12,3,4,10,2,8,500,0.7
901,0.965754236,0.773256252,0.905701432,6265.224663,2559.134798,0.0255,12,3,4,10,2,8,500,0.7
902,2.637188649,0.754626971,0.839982618,7427.909079,3256.745447,0.0297,12,3,4,10,2,8,500,0.7
903,2.077597016,0.735004901,0.937946951,7151.865677,3091.119406,0.0341,12,3,4,10,2,8,500,0.7
904,1.515060638,0.796482798,0.916310139,6786.406786,2871.844072,0.0482,12,3,4,10,2,8,500,0.7
905,1.5994931,0.777720365,0.904865462,6849.174499,2909.504699,0.0559,12,3,4,10,2,8,500,0.7
906,1.424138705,0.759337641,0.926471898,6714.776868,2828.866121,0.062,12,3,4,10,2,8,500,0.7
907,1.115293338,0.667577426,0.938302402,6431.848904,2659.109343,0.0537,12,3,4,10,2,8,500,0.7
908,2.134102804,0.811790236,0.911253419,7182.923988,3109.754393,0.0339,12,3,4,10,2,8,500,0.7
909,2.08095185,0.767722608,0.916278329,7153.733113,3092.239868,0.0764,12,3,4,10,2,8,500,0.7
910,2.045268617,0.73569299,0.946067314,7133.714275,3080.228565,0.0381,12,3,4,10,2,8,500,0.7
911,1.159385459,0.801565857,0.915713949,6476.724638,2686.034783,0.0746,12,3,4,10,2,8,500,0.7
912,2.507057094,0.813194084,0.910517431,7369.339807,3221.603884,0.0391,12,3,4,10,2,8,500,0.7
913,1.401079008,0.76614276,0.905120365,6695.882708,2817.529625,0.0479,12,3,4,10,2,8,500,0.7
914,1.694914007,0.773664009,0.940456503,6916.240748,2949.744449,0.0451,12,3,4,10,2,8,500,0.7
915,1.285787757,0.824355734,0.939580519,6596.494873,2757.896924,0.0295,12,3,4,10,2,8,500,0.7
916,2.183703357,0.779117522,0.904438778,7209.516462,3125.709877,0.0916,12,3,4,10,2,8,500,0.7
917,1.072733143,0.763933792,0.898642532,6386.816819,2632.090091,0.046,12,3,4,10,2,8,500,0.7
918,2.280567194,0.754138863,0.891727332,7259.75021,3155.850126,0.0856,12,3,4,10,2,8,500,0.7
919,2.486242469,0.816614458,0.893327333,7359.690419,3215.814252,0.0392,12,3,4,10,2,8,500,0.7
920,4.711404844,0.809758963,0.898016064,8099.520986,3659.712592,0.0429,12,3,4,10,2,8,500,0.7
921,1.934812789,0.735018428,0.921437916,7069.456681,3041.674008,0.0608,12,3,4,10,2,8,500,0.7
922,1.102111986,0.747204655,0.84373468,6418.088341,2650.853005,0.0603,12,3,4,10,2,8,500,0.7
923,1.531871294,0.743492285,0.922548952,6799.178306,2879.506983,0.0397,12,3,4,10,2,8,500,0.7
924,3.676977172,0.748509414,0.882275002,7812.605317,3487.56319,0.0353,12,3,4,10,2,8,500,0.7
925,1.236624574,0.746504588,0.928454062,6551.372165,2730.823299,0.0736,12,3,4,10,2,8,500,0.7
926,1.189894878,0.774654996,0.889008032,6506.788155,2704.072893,0.0332,12,3,4,10,2,8,500,0.7
927,1.71911077,0.678499886,0.899170389,6932.647179,2959.588308,0.0489,12,3,4,10,2,8,500,0.7
928,0.94724212,0.682004754,0.935158691,6242.82344,2545.694064,0.0852,12,3,4,10,2,8,500,0.7
929,1.251004089,0.746629535,0.854660504,6564.752893,2738.851736,0.0474,12,3,4,10,2,8,500,0.7
930,2.234947682,0.789594182,0.896076681,7236.363217,3141.81793,0.0546,12,3,4,10,2,8,500,0.7
931,1.994863801,0.759223788,0.864677935,7104.833076,3062.899846,0.018,12,3,4,10,2,8,500,0.7
932,2.231758631,0.722263795,0.907591746,7234.71053,3140.826318,0.015,12,3,4,10,2,8,500,0.7
933,2.020442449,0.735543544,0.910752861,7119.579308,3071.747585,0.0284,12,3,4,10,2,8,500,0.7
934,2.63471713,0.802359491,0.904705193,7426.823872,3256.094323,0.0617,12,3,4,10,2,8,500,0.7
935,0.870533392,0.737310694,0.878708472,6145.081989,2487.049194,0.0392,12,3,4,10,2,8,500,0.7
936,1.558214646,0.787069978,0.824072794,6818.912857,2891.347714,0.0517,12,3,4,10,2,8,500,0.7
937,1.371256753,0.714223472,0.915952491,6670.981084,2802.588651,0.0411,12,3,4,10,2,8,500,0.7
938,2.057777933,0.714917572,0.914515251,7140.771675,3084.463005,0.0433,12,3,4,10,2,8,500,0.7
939,2.842435531,0.806881287,0.938564399,7514.654243,3308.792546,0.0411,12,3,4,10,2,8,500,0.7
940,2.567508348,0.796360588,0.897156778,7396.916567,3238.14994,0.0569,12,3,4,10,2,8,500,0.7
941,3.991634475,0.806195406,0.862612539,7907.639803,3544.583882,0.0251,12,3,4,10,2,8,500,0.7
942,1.940768835,0.768033191,0.919624362,7073.014122,3043.808473,0.0378,12,3,4,10,2,8,500,0.7
943,1.286717344,0.708524734,0.93501243,6597.331343,2758.398806,0.0309,12,3,4,10,2,8,500,0.7
944,2.299165409,0.754485728,0.922227496,7269.150684,3161.490411,0.0354,12,3,4,10,2,8,500,0.7
945,2.471147608,0.737285313,0.851484188,7352.641969,3211.585182,0.0445,12,3,4,10,2,8,500,0.7
946,1.789808059,0.732374244,0.875934434,6979.292111,2987.575267,0.0917,12,3,4,10,2,8,500,0.7
947,2.919589568,0.759595331,0.883883317,7545.651675,3327.391005,0.0432,12,3,4,10,2,8,500,0.7
948,2.619556437,0.713146405,0.956130332,7420.144681,3252.086809,0.0585,12,3,4,10,2,8,500,0.7
949,0.910132919,0.805477596,0.895235386,6196.56872,2517.941232,0.0565,12,3,4,10,2,8,500,0.7
950,2.307457263,0.847717671,0.89885203,7273.317322,3163.990393,0.0411,12,3,4,10,2,8,500,0.7
951,1.440820342,0.791179917,0.928091525,6728.255363,2836.953218,0.0857,12,3,4,10,2,8,500,0.7
952,0.824336585,0.745920891,0.912668599,6081.97181,2449.183086,0.0493,12,3,4,10,2,8,500,0.7
953,1.775097887,0.730734773,0.907114835,6969.740242,2981.844145,0.0509,12,3,4,10,2,8,500,0.7
954,0.882792643,0.759416865,0.869243617,6161.267432,2496.760459,0.0568,12,3,4,10,2,8,500,0.7
955,1.243031986,0.802653187,0.938738264,6557.35364,2734.412184,0.0476,12,3,4,10,2,8,500,0.7
956,4.638459279,0.760683512,0.920278116,8081.460948,3648.876569,0.0323,12,3,4,10,2,8,500,0.7
957,1.76959671,0.743688437,0.924691084,6966.14777,2979.688662,0.0778,12,3,4,10,2,8,500,0.7
958,1.431923731,0.695687776,0.920638488,6721.086582,2832.651949,0.0737,12,3,4,10,2,8,500,0.7
959,2.370900574,0.81057098,0.899982638,7304.7105,3182.8263,0.047,12,3,4,10,2,8,500,0.7
960,2.454402444,0.779163594,0.861540738,7344.77237,3206.863422,0.0485,12,3,4,10,2,8,500,0.7
961,1.584732146,0.780668341,0.919604652,6838.44375,2903.06625,0.0792,12,3,4,10,2,8,500,0.7
962,2.446043973,0.776932812,0.861836189,7340.824091,3204.494455,0.043,12,3,4,10,2,8,500,0.7
963,1.474949644,0.746730491,0.904080744,6755.351678,2853.211007,0.0512,12,3,4,10,2,8,500,0.7
964,1.950685198,0.71157529,0.829632359,7078.912841,3047.347705,0.0265,12,3,4,10,2,8,500,0.7
965,1.351311533,0.776113434,0.910929251,6654.022716,2792.41363,0.0573,12,3,4,10,2,8,500,0.7
966,4.487526487,0.683275194,0.947619933,8043.173213,3625.903928,0.0323,12,3,4,10,2,8,500,0.7
967,2.835765625,0.7603254,0.879865586,7511.935142,3307.161085,0.039,12,3,4,10,2,8,500,0.7
968,2.165018043,0.659624499,0.896951131,7199.570249,3119.74215,0.0377,12,3,4,10,2,8,500,0.7
969,1.025996284,0.759522783,0.913552338,6335.259404,2601.155642,0.0313,12,3,4,10,2,8,500,0.7
970,2.001273835,0.816460852,0.897472147,7108.546175,3065.127705,0.0227,12,3,4,10,2,8,500,0.7
971,0.698611542,0.716911832,0.853760652,5890.439323,2334.263594,0.0277,12,3,4,10,2,8,500,0.7
972,2.076125107,0.69105566,0.905935001,7151.045402,3090.627241,0.0279,12,3,4,10,2,8,500,0.7
973,1.248722846,0.788902987,0.899925488,6562.6404,2737.58424,0.0284,12,3,4,10,2,8,500,0.7
974,1.10743676,0.76938949,0.925037768,6423.666805,2654.200083,0.0883,12,3,4,10,2,8,500,0.7
975,2.856159993,0.809544793,0.897112683,7520.22924,3312.137544,0.0477,12,3,4,10,2,8,500,0.7
976,1.724936682,0.693287927,0.877991641,6936.562898,2961.937739,0.0191,12,3,4,10,2,8,500,0.7
977,1.137604384,0.73009292,0.900527893,6454.773881,2672.864329,0.0297,12,3,4,10,2,8,500,0.7
978,1.783891744,0.738593333,0.894747602,6975.459897,2985.275938,0.0651,12,3,4,10,2,8,500,0.7
979,1.462727178,0.735004393,0.942914693,6745.720629,2847.432377,0.0799,12,3,4,10,2,8,500,0.7
980,2.496515863,0.801215471,0.888100238,7364.463084,3218.677851,0.086,12,3,4,10,2,8,500,0.7
981,1.253754307,0.742939047,0.907516125,6567.294555,2740.376733,0.086,12,3,4,10,2,8,500,0.7
982,1.023830324,0.732752309,0.922468747,6332.813442,2599.688065,0.0501,12,3,4,10,2,8,500,0.7
983,1.985602681,0.763909701,0.91760462,7099.447322,3059.668393,0.0793,12,3,4,10,2,8,500,0.7
984,4.755214481,0.806005686,0.926298945,8110.233567,3666.14014,0.0948,12,3,4,10,2,8,500,0.7
985,2.340473649,0.700901987,0.936328773,7289.76079,3173.856474,0.0308,12,3,4,10,2,8,500,0.7
986,1.565101529,0.747079827,0.933986771,6824.01701,2894.410206,0.0278,12,3,4,10,2,8,500,0.7
987,2.360763088,0.754092804,0.930159266,7299.751052,3179.850631,0.0397,12,3,4,10,2,8,500,0.7
988,1.949272579,0.753413223,0.925587944,7078.074383,3046.84463,0.0149,12,3,4,10,2,8,500,0.7
989,2.481873682,0.714961001,0.87612275,7357.654852,3214.592911,0.045,12,3,4,10,2,8,500,0.7
990,1.161123155,0.742241953,0.849932118,6478.458071,2687.074843,0.0508,12,3,4,10,2,8,500,0.7
991,2.191234435,0.741127906,0.919462323,7213.50122,3128.100732,0.0406,12,3,4,10,2,8,500,0.7
992,1.875128194,0.711179232,0.946113566,7033.191003,3019.914602,0.0133,12,3,4,10,2,8,500,0.7
993,1.20707474,0.834296162,0.929890493,6523.37947,2714.027682,0.0934,12,3,4,10,2,8,500,0.7
994,0.989417976,0.769787966,0.889292354,6293.242578,2575.945547,0.0733,12,3,4,10,2,8,500,0.7
995,2.041389734,0.740473986,0.844037967,7131.51715,3078.91029,0.059,12,3,4,10,2,8,500,0.7
996,2.178531678,0.718870212,0.873231728,7206.772115,3124.063269,0.0475,12,3,4,10,2,8,500,0.7
997,2.447499111,0.789780987,0.912473554,7341.512422,3204.907453,0.0649,12,3,4,10,2,8,500,0.7
998,1.999391852,0.7399474,0.931504775,7107.457246,3064.474347,0.1243,12,3,4,10,2,8,500,0.7
999,1.977496891,0.728092132,0.908549888,7094.712788,3056.827673,0.0406,12,3,4,10,2,8,500,0.7
1000,1.785219159,0.707794749,0.950458925,6976.320817,2985.79249,0.1035,12,3,4,10,2,8,500,0.7
